nodo;seccion;subseccion;fila;frase;conceptosCorpus;intencion;ambito;hablante;acto;modos;ranuras;polaridad;glosasDeLaFila;salidas;interrogativas;fueraDeRanura;pendientes;mecanismos;diagnostico;preguntaBanco;zonaMostradaHoy;preguntaMostradaHoy;usoEnLaApp
n-s6-acceso_comunicativ-01;6;Acceso comunicativo e identificación;1;¿Usted es una persona sorda?;TÚ · SORDO;CONFIRMAR_ACCESO;identificacion;hearing;question;C;polarity|person;SÍ|NO;TÚ|SORDO;NO_SABER;;;;;glosas_del_enunciado_como_respuesta;Q.ACC.SORDO;identidad;¿Cuál es su nombre e identidad?;modo C: reconoce el enunciado del funcionario y reordena la lista blanca
n-s6-acceso_comunicativ-02;6;Acceso comunicativo e identificación;2;¿Necesita un intérprete de LSB?;INTÉRPRETE · NECESITAR;NECESIDAD_INTERPRETE;identificacion;hearing;question;C;polarity;SÍ|NO;INTÉRPRETE|NECESITAR;NO_SABER;;;;;glosas_del_enunciado_como_respuesta;Q.ACC.INTERPRETE;identidad;¿Cuál es su nombre e identidad?;modo C: reconoce el enunciado del funcionario y reordena la lista blanca
n-s6-acceso_comunicativ-03;6;Acceso comunicativo e identificación;3;¿Prefiere que le escriba en papel?;ESCRIBIR · PAPEL · MEJOR;CANAL_ESCRITO;identificacion;hearing;question;C;polarity;SÍ|NO;ESCRIBIR|PAPEL|MEJOR;NO_SABER;;;;;glosas_del_enunciado_como_respuesta;Q.ACC.ESCRITO;identidad;¿Cuál es su nombre e identidad?;modo C: reconoce el enunciado del funcionario y reordena la lista blanca
n-s6-acceso_comunicativ-04;6;Acceso comunicativo e identificación;4;¿Puede leer este texto?;TÚ · LEER · PUEDO · TEXTO;LECTURA;identificacion;hearing;question;C;polarity;SÍ|NO;TÚ|LEER|PUEDO;NO_SABER;;;TEXTO;;glosas_del_enunciado_como_respuesta;Q.ACC.LECTURA;identidad;¿Cuál es su nombre e identidad?;modo C: reconoce el enunciado del funcionario y reordena la lista blanca
n-s6-acceso_comunicativ-05;6;Acceso comunicativo e identificación;5;¿Comprende lo que le estoy explicando?;TÚ · COMPRENDER · EXPLICAR;COMPRENSION;identificacion;hearing;question;C;polarity;SÍ|NO;TÚ|COMPRENDER|EXPLICAR;NO_SABER;;;;;glosas_del_enunciado_como_respuesta;Q.ACC.COMPRENSION;identidad;¿Cuál es su nombre e identidad?;modo C: reconoce el enunciado del funcionario y reordena la lista blanca
n-s6-acceso_comunicativ-06;6;Acceso comunicativo e identificación;6;¿Quiere que lo explique otra vez y más despacio?;VOLVER · EXPLICAR · LENTO · QUERER;REPARACION;identificacion;hearing;question;C;polarity;SÍ|NO;VOLVER|EXPLICAR|LENTO|QUERER;NO_SABER;;;;;glosas_del_enunciado_como_respuesta;Q.ACC.REPARACION;identidad;¿Cuál es su nombre e identidad?;modo C: reconoce el enunciado del funcionario y reordena la lista blanca
n-s6-acceso_comunicativ-07;6;Acceso comunicativo e identificación;7;¿Cuál es su nombre completo?;TUYO · NOMBRE · ¿CUÁL?;IDENTIFICACION_NOMBRE;identificacion;hearing;question;C;free_text;;TUYO|NOMBRE|CUÁL;NO_SABER;CUÁL;;;;glosas_del_enunciado_como_respuesta|interrogativa_como_respuesta;Q.ID.NOMBRE;identidad;¿Cuál es su nombre e identidad?;modo C: reconoce el enunciado del funcionario y reordena la lista blanca
n-s6-acceso_comunicativ-08;6;Acceso comunicativo e identificación;8;¿Puede deletrear su apellido?;DELETREAR · NOMBRE · PUEDO;IDENTIFICACION_DELETREO;identificacion;hearing;question;C;polarity;SÍ|NO;NOMBRE|PUEDO;NO_SABER;;;DELETREAR;;glosas_del_enunciado_como_respuesta;Q.ID.APELLIDO;identidad;¿Cuál es su nombre e identidad?;modo C: reconoce el enunciado del funcionario y reordena la lista blanca
n-s6-acceso_comunicativ-09;6;Acceso comunicativo e identificación;9;¿Tiene su carnet de identidad?;PAPEL · IDENTIDAD · TENER;IDENTIFICACION_DOCUMENTO;identificacion;hearing;question;C;polarity;SÍ|NO;PAPEL|IDENTIDAD|TENER;NO_SABER;;;;;glosas_del_enunciado_como_respuesta;Q.ID.DOC_TIENE;identidad;¿Cuál es su nombre e identidad?;modo C: reconoce el enunciado del funcionario y reordena la lista blanca
n-s6-acceso_comunicativ-10;6;Acceso comunicativo e identificación;10;¿Este número de celular es suyo?;CELULAR · NÚM(...) · TUYO · VERDAD;VALIDAR_CONTACTO;identificacion;hearing;question;C;polarity|object;SÍ|NO;CELULAR|TUYO|VERDAD;NO_SABER;;TUYO;;NÚM(...);glosas_del_enunciado_como_respuesta|opcion_fuera_de_ranura;Q.ID.TELEFONO_VALIDA;identidad;¿Cuál es su nombre e identidad?;modo C: reconoce el enunciado del funcionario y reordena la lista blanca
n-s6-acceso_comunicativ-11;6;Acceso comunicativo e identificación;11;¿Prefiere recibir avisos por mensaje escrito?;AVISAR · ESCRIBIR · ENVIAR · MEJOR;PREFERENCIA_AVISO;identificacion;hearing;question;C;polarity;SÍ|NO;AVISAR|ESCRIBIR|ENVIAR|MEJOR;NO_SABER;;;;;glosas_del_enunciado_como_respuesta;Q.ID.AVISO;identidad;¿Cuál es su nombre e identidad?;modo C: reconoce el enunciado del funcionario y reordena la lista blanca
n-s6-acceso_comunicativ-12;6;Acceso comunicativo e identificación;12;¿Vino solo o acompañado?;TÚ · NÚM(1) · VENIR / ACOMPAÑAR;ACOMPAÑANTE;identificacion;hearing;question;C;polarity|person;SÍ|NO;TÚ|VENIR;NO_SABER;;VENIR;;NÚM(1);glosas_del_enunciado_como_respuesta|opcion_fuera_de_ranura|disyuntiva_tratada_como_si_no;Q.ID.ACOMPANANTE;identidad;¿Cuál es su nombre e identidad?;modo C: reconoce el enunciado del funcionario y reordena la lista blanca
n-s6-inicio_de_denuncia-01;6;Inicio de denuncia y relato básico;1;¿Desea presentar una denuncia?;PRESENTAR · [DENUNCIA];INTENCION_DENUNCIA;denuncia_robo;hearing;question;C;polarity;SÍ|NO;PRESENTAR;NO_SABER;;;;[DENUNCIA];glosas_del_enunciado_como_respuesta;Q.DEN.INTENCION;denuncia;¿Desea presentar una denuncia formal?;modo C: reconoce el enunciado del funcionario y reordena la lista blanca
n-s6-inicio_de_denuncia-02;6;Inicio de denuncia y relato básico;2;¿Qué ocurrió?;TÚ · NARRAR · ¿QUÉ?;RELATO_ABIERTO;denuncia_robo;hearing;question;C;free_text;;TÚ|NARRAR|QUÉ;NO_SABER;QUÉ;;;;glosas_del_enunciado_como_respuesta|interrogativa_como_respuesta;Q.HEC.QUE_OCURRIO;hecho;¿Qué le ocurrió?;modo C: reconoce el enunciado del funcionario y reordena la lista blanca
n-s6-inicio_de_denuncia-03;6;Inicio de denuncia y relato básico;3;¿Puede contarme lo sucedido desde el inicio?;NARRAR · EMPEZAR · PRIMERA-VEZ;RELATO_ORDENADO;denuncia_robo;hearing;question;C;polarity|free_text;SÍ|NO;NARRAR|EMPEZAR|PRIMERA_VEZ;NO_SABER;;;;;glosas_del_enunciado_como_respuesta;Q.HEC.RELATO_ORDENADO;hecho;¿Qué le ocurrió?;modo C: reconoce el enunciado del funcionario y reordena la lista blanca
n-s6-inicio_de_denuncia-04;6;Inicio de denuncia y relato básico;4;¿Cuándo ocurrió?;¿CUÁNDO? · FECHA · HORA;TIEMPO_HECHO;denuncia_robo;hearing;question;C;time;;CUÁNDO|FECHA|HORA;NO_SABER;CUÁNDO;CUÁNDO;;;glosas_del_enunciado_como_respuesta|interrogativa_como_respuesta|opcion_fuera_de_ranura;Q.TIE.CUANDO;tiempo;¿Cuándo ocurrió el hecho?;modo C: reconoce el enunciado del funcionario y reordena la lista blanca
n-s6-inicio_de_denuncia-05;6;Inicio de denuncia y relato básico;5;¿Fue hoy, ayer o antes?;HOY · AYER · PASADO;TIEMPO_APROX;denuncia_robo;hearing;question;C;polarity|time;SÍ|NO;HOY|AYER|PASADO;NO_SABER;;;;;glosas_del_enunciado_como_respuesta|disyuntiva_tratada_como_si_no;Q.TIE.APROX;hecho;¿Qué le ocurrió?;modo C: reconoce el enunciado del funcionario y reordena la lista blanca
n-s6-inicio_de_denuncia-06;6;Inicio de denuncia y relato básico;6;¿A qué hora aproximadamente?;HORA · ¿CUÁNTOS? · MÁS-O-MENOS;HORA_HECHO;denuncia_robo;hearing;question;C;polarity|time;SÍ|NO;HORA|CUÁNTOS|MÁS_O_MENOS;NO_SABER;CUÁNTOS;CUÁNTOS;;;glosas_del_enunciado_como_respuesta|interrogativa_como_respuesta|opcion_fuera_de_ranura;Q.TIE.HORA;tiempo;¿Cuándo ocurrió el hecho?;modo C: reconoce el enunciado del funcionario y reordena la lista blanca
n-s6-inicio_de_denuncia-07;6;Inicio de denuncia y relato básico;7;¿Dónde ocurrió?;¿DÓNDE?;LUGAR_HECHO;denuncia_robo;hearing;question;C;place;;DÓNDE;NO_SABER;DÓNDE;DÓNDE;;;glosas_del_enunciado_como_respuesta|interrogativa_como_respuesta|opcion_fuera_de_ranura;Q.LUG.DONDE;lugar;¿Dónde ocurrió?;modo C: reconoce el enunciado del funcionario y reordena la lista blanca
n-s6-inicio_de_denuncia-08;6;Inicio de denuncia y relato básico;8;¿Ocurrió dentro o fuera del lugar?;DENTRO · FUERA · ¿CUÁL?;POSICION_LUGAR;denuncia_robo;hearing;question;C;polarity|place;SÍ|NO;DENTRO|FUERA|CUÁL;NO_SABER;CUÁL;CUÁL;;;glosas_del_enunciado_como_respuesta|interrogativa_como_respuesta|opcion_fuera_de_ranura|disyuntiva_tratada_como_si_no;Q.LUG.DENTRO_FUERA;hecho;¿Qué le ocurrió?;modo C: reconoce el enunciado del funcionario y reordena la lista blanca
n-s6-inicio_de_denuncia-09;6;Inicio de denuncia y relato básico;9;¿Conoce a la persona involucrada?;TÚ · ÉL/ELLA · CONOCER;CONOCIMIENTO_PERSONA;denuncia_robo;hearing;question;C;polarity|person;SÍ|NO;TÚ|ÉL|CONOCER;NO_SABER;;CONOCER;;;glosas_del_enunciado_como_respuesta|opcion_fuera_de_ranura;Q.PER.CONOCE;conocimiento;¿Conoce a esa persona?;modo C: reconoce el enunciado del funcionario y reordena la lista blanca
n-s6-inicio_de_denuncia-10;6;Inicio de denuncia y relato básico;10;¿Puede identificarla si la vuelve a ver?;IDENTIFICAR · VOLVER · VER · PUEDO;RECONOCIMIENTO;denuncia_robo;hearing;question;C;polarity;SÍ|NO;IDENTIFICAR|VOLVER|VER|PUEDO;NO_SABER;;;;;glosas_del_enunciado_como_respuesta;Q.PER.RECONOCE;hecho;¿Qué le ocurrió?;modo C: reconoce el enunciado del funcionario y reordena la lista blanca
n-s6-inicio_de_denuncia-11;6;Inicio de denuncia y relato básico;11;¿Había otras personas presentes?;HOMBRE · MUJER · ALLÍ · TENER;PRESENCIA_OTROS;denuncia_robo;hearing;question;C;polarity|person;SÍ|NO;HOMBRE|MUJER|ALLÍ|TENER;NO_SABER;;ALLÍ|TENER;;;glosas_del_enunciado_como_respuesta|opcion_fuera_de_ranura;Q.PER.OTROS_PRESENTES;hecho;¿Qué le ocurrió?;modo C: reconoce el enunciado del funcionario y reordena la lista blanca
n-s6-inicio_de_denuncia-12;6;Inicio de denuncia y relato básico;12;¿Quiere agregar algo que no le pregunté?;AUMENTAR · NARRAR · QUERER;AMPLIACION_RELATO;denuncia_robo;hearing;question;C;polarity|free_text;SÍ|NO;AUMENTAR|NARRAR|QUERER;NO_SABER;;;;;glosas_del_enunciado_como_respuesta;Q.HEC.AMPLIAR;hecho;¿Qué le ocurrió?;modo C: reconoce el enunciado del funcionario y reordena la lista blanca
n-s6-descripcion_de_per-01;6;Descripción de personas;1;¿Era un hombre o una mujer?;HOMBRE · MUJER · ¿CUÁL?;SEXO_DESCRIPCION;denuncia_robo;hearing;question;C;polarity|person;SÍ|NO;HOMBRE|MUJER|CUÁL;NO_SABER;CUÁL;CUÁL;;;glosas_del_enunciado_como_respuesta|interrogativa_como_respuesta|opcion_fuera_de_ranura|disyuntiva_tratada_como_si_no;Q.PER.DESC.SEXO;hecho;¿Qué le ocurrió?;modo C: reconoce el enunciado del funcionario y reordena la lista blanca
n-s6-descripcion_de_per-02;6;Descripción de personas;2;¿Era joven o adulto?;JOVEN · ADULTO · ¿CUÁL?;EDAD_APROX;denuncia_robo;hearing;question;C;polarity;SÍ|NO;JOVEN|ADULTO|CUÁL;NO_SABER;CUÁL;;;;glosas_del_enunciado_como_respuesta|interrogativa_como_respuesta|disyuntiva_tratada_como_si_no;Q.PER.DESC.EDAD;hecho;¿Qué le ocurrió?;modo C: reconoce el enunciado del funcionario y reordena la lista blanca
n-s6-descripcion_de_per-03;6;Descripción de personas;3;¿Era alto o bajo?;ALTO · BAJO · ¿CUÁL?;ALTURA;denuncia_robo;hearing;question;C;polarity;SÍ|NO;ALTO|BAJO|CUÁL;NO_SABER;CUÁL;;;;glosas_del_enunciado_como_respuesta|interrogativa_como_respuesta|disyuntiva_tratada_como_si_no;Q.PER.DESC.ESTATURA;hecho;¿Qué le ocurrió?;modo C: reconoce el enunciado del funcionario y reordena la lista blanca
n-s6-descripcion_de_per-04;6;Descripción de personas;4;¿Era delgado o de contextura gruesa?;FLACO · GORDO · ¿CUÁL?;CONTEXTURA;denuncia_robo;hearing;question;C;polarity;SÍ|NO;FLACO|GORDO|CUÁL;NO_SABER;CUÁL;;;;glosas_del_enunciado_como_respuesta|interrogativa_como_respuesta|disyuntiva_tratada_como_si_no;Q.PER.DESC.CONTEXTURA;hecho;¿Qué le ocurrió?;modo C: reconoce el enunciado del funcionario y reordena la lista blanca
n-s6-descripcion_de_per-05;6;Descripción de personas;5;¿Qué color de cabello recuerda?;CABELLO · COLOR · ¿CUÁL?;CABELLO;denuncia_robo;hearing;question;C;person;;CABELLO|CUÁL;NO_SABER;CUÁL;CABELLO|CUÁL;COLOR;;glosas_del_enunciado_como_respuesta|interrogativa_como_respuesta|opcion_fuera_de_ranura;Q.PER.DESC.CABELLO;hecho;¿Qué le ocurrió?;modo C: reconoce el enunciado del funcionario y reordena la lista blanca
n-s6-descripcion_de_per-06;6;Descripción de personas;6;¿Qué ropa llevaba?;POLERA · PANTALÓN · CHAMARRA · ¿CUÁL?;VESTIMENTA;denuncia_robo;hearing;question;C;person;;POLERA|PANTALÓN|CHAMARRA|CUÁL;NO_SABER;CUÁL;POLERA|PANTALÓN|CHAMARRA|CUÁL;;;glosas_del_enunciado_como_respuesta|interrogativa_como_respuesta|opcion_fuera_de_ranura;Q.PER.DESC.ROPA;persona;¿Puede describir a la persona involucrada?;modo C: reconoce el enunciado del funcionario y reordena la lista blanca
n-s6-descripcion_de_per-07;6;Descripción de personas;7;¿Llevaba gorra?;GORRA · TENER;GORRA;denuncia_robo;hearing;question;C;polarity;SÍ|NO;GORRA|TENER;NO_SABER;;;;;glosas_del_enunciado_como_respuesta;Q.PER.DESC.GORRA;persona;¿Puede describir a la persona involucrada?;modo C: reconoce el enunciado del funcionario y reordena la lista blanca
n-s6-descripcion_de_per-08;6;Descripción de personas;8;¿Llevaba mochila o bolsa?;MOCHILA · BOLSA · ¿CUÁL?;OBJETO_PERSONA;denuncia_robo;hearing;question;C;polarity|object;SÍ|NO;MOCHILA|BOLSA|CUÁL;NO_SABER;CUÁL;CUÁL;;;glosas_del_enunciado_como_respuesta|interrogativa_como_respuesta|opcion_fuera_de_ranura|disyuntiva_tratada_como_si_no;Q.PER.DESC.MOCHILA;persona;¿Puede describir a la persona involucrada?;modo C: reconoce el enunciado del funcionario y reordena la lista blanca
n-s6-descripcion_de_per-09;6;Descripción de personas;9;¿Usaba lentes?;LENTES · TENER;LENTES;denuncia_robo;hearing;question;C;polarity;SÍ|NO;LENTES|TENER;NO_SABER;;;;;glosas_del_enunciado_como_respuesta;Q.PER.DESC.LENTES;hecho;¿Qué le ocurrió?;modo C: reconoce el enunciado del funcionario y reordena la lista blanca
n-s6-descripcion_de_per-10;6;Descripción de personas;10;¿Recuerda alguna característica particular?;RECORDAR · ¿QUÉ?;RASGO_DISTINTIVO;denuncia_robo;hearing;question;C;polarity;SÍ|NO;RECORDAR|QUÉ;NO_SABER;QUÉ;;;;glosas_del_enunciado_como_respuesta|interrogativa_como_respuesta;Q.PER.DESC.RASGO;hecho;¿Qué le ocurrió?;modo C: reconoce el enunciado del funcionario y reordena la lista blanca
n-s6-robo_hurto_y_obje-01;6;Robo, hurto y objetos;1;¿Le robaron algún objeto?;ROBAR · OBJETO;ROBO_OBJETO;denuncia_robo;hearing;question;C;polarity|object;SÍ|NO;ROBAR;NO_SABER;;ROBAR;OBJETO;;glosas_del_enunciado_como_respuesta|opcion_fuera_de_ranura;Q.ROB.ALGO;hecho;¿Qué le ocurrió?;modo C: reconoce el enunciado del funcionario y reordena la lista blanca
n-s6-robo_hurto_y_obje-02;6;Robo, hurto y objetos;2;¿Qué le robaron?;ROBAR · ¿QUÉ?;OBJETO_ROBADO;denuncia_robo;hearing;question;C;object;;ROBAR|QUÉ;NO_SABER;QUÉ;ROBAR|QUÉ;;;glosas_del_enunciado_como_respuesta|interrogativa_como_respuesta|opcion_fuera_de_ranura;Q.ROB.QUE;objetos;¿Qué objetos están involucrados?;modo C: reconoce el enunciado del funcionario y reordena la lista blanca
n-s6-robo_hurto_y_obje-03;6;Robo, hurto y objetos;3;¿Le robaron el celular?;ROBAR · CELULAR;ROBO_CELULAR;denuncia_robo;hearing;question;C;polarity|object;SÍ|NO;ROBAR|CELULAR;NO_SABER;;ROBAR;;;glosas_del_enunciado_como_respuesta|opcion_fuera_de_ranura;Q.ROB.CONFIRMA_OBJETO;objetos;¿Qué objetos están involucrados?;modo C: reconoce el enunciado del funcionario y reordena la lista blanca
n-s6-robo_hurto_y_obje-04;6;Robo, hurto y objetos;4;¿Le falta su carnet de identidad?;PAPEL · IDENTIDAD · PERDER;FALTA_IDENTIDAD;denuncia_robo;hearing;question;C;polarity;SÍ|NO;PAPEL|IDENTIDAD|PERDER;NO_SABER;;;;;glosas_del_enunciado_como_respuesta;Q.ROB.FALTA_CARNET;objetos;¿Qué objetos están involucrados?;modo C: reconoce el enunciado del funcionario y reordena la lista blanca
n-s6-robo_hurto_y_obje-05;6;Robo, hurto y objetos;5;¿Le falta dinero?;DINERO/BILLETES · PERDER;FALTA_DINERO;denuncia_robo;hearing;question;C;polarity|object;SÍ|NO;BILLETES|PERDER;NO_SABER;;PERDER;;;glosas_del_enunciado_como_respuesta|opcion_fuera_de_ranura;Q.ROB.FALTA_DINERO;objetos;¿Qué objetos están involucrados?;modo C: reconoce el enunciado del funcionario y reordena la lista blanca
n-s6-robo_hurto_y_obje-06;6;Robo, hurto y objetos;6;¿Vio al ladrón?;LADRÓN · VER;VER_LADRON;denuncia_robo;hearing;question;C;polarity;SÍ|NO;LADRÓN|VER;NO_SABER;;;;;glosas_del_enunciado_como_respuesta;Q.ROB.VIO_LADRON;hecho;¿Qué le ocurrió?;modo C: reconoce el enunciado del funcionario y reordena la lista blanca
n-s6-robo_hurto_y_obje-07;6;Robo, hurto y objetos;7;¿El ladrón escapó?;LADRÓN · ESCAPAR;ESCAPE;denuncia_robo;hearing;question;C;polarity;SÍ|NO;LADRÓN|ESCAPAR;NO_SABER;;;;;glosas_del_enunciado_como_respuesta;Q.ROB.LADRON_ESCAPO;hecho;¿Qué le ocurrió?;modo C: reconoce el enunciado del funcionario y reordena la lista blanca
n-s6-robo_hurto_y_obje-08;6;Robo, hurto y objetos;8;¿Tiene la factura o la caja del celular?;FACTURA · CAJA · CELULAR · TENER;PROPIEDAD_CELULAR;denuncia_robo;hearing;question;C;polarity|object|evidence;SÍ|NO;FACTURA|CAJA|CELULAR|TENER;NO_SABER;;TENER;;;glosas_del_enunciado_como_respuesta|opcion_fuera_de_ranura|disyuntiva_tratada_como_si_no;Q.EVI.FACTURA_O_CAJA;hecho;¿Qué le ocurrió?;modo C: reconoce el enunciado del funcionario y reordena la lista blanca
n-s6-robo_hurto_y_obje-09;6;Robo, hurto y objetos;9;¿Hay cámaras o video del lugar?;VIDEO · FILMAR · TENER;VIDEO_LUGAR;denuncia_robo;hearing;question;C;polarity|place|evidence;SÍ|NO;VIDEO|FILMAR|TENER;NO_SABER;;FILMAR|TENER;;;glosas_del_enunciado_como_respuesta|opcion_fuera_de_ranura|disyuntiva_tratada_como_si_no;Q.EVI.CAMARAS;evidencia;¿Tiene fotos, video u otro elemento de prueba?;modo C: reconoce el enunciado del funcionario y reordena la lista blanca
n-s6-robo_hurto_y_obje-10;6;Robo, hurto y objetos;10;¿Hay testigos del robo?;TESTIGO · TENER;TESTIGOS_ROBO;denuncia_robo;hearing;question;C;polarity|person|evidence;SÍ|NO;TESTIGO|TENER;NO_SABER;;TENER;;;glosas_del_enunciado_como_respuesta|opcion_fuera_de_ranura;Q.TES.EXISTE;testigos;¿Hay testigos?;modo C: reconoce el enunciado del funcionario y reordena la lista blanca
n-s6-agresion_violenci-01;6;Agresión, violencia y riesgo;1;¿Alguien le pegó o maltrató?;PEGAR · MALTRATAR;AGRESION;violencia;hearing;question;C;polarity;SÍ|NO;PEGAR|MALTRATAR;NO_SABER;;;;;glosas_del_enunciado_como_respuesta|disyuntiva_tratada_como_si_no;Q.VIO.AGRESION;hecho;¿Qué agresión o maltrato sufrió?;modo C: reconoce el enunciado del funcionario y reordena la lista blanca
n-s6-agresion_violenci-02;6;Agresión, violencia y riesgo;2;¿Está herido?;HERIDA · TENER;HERIDA;violencia;hearing;question;C;polarity;SÍ|NO;HERIDA|TENER;NO_SABER;;;;;glosas_del_enunciado_como_respuesta;Q.SAL.HERIDO;hecho;¿Qué agresión o maltrato sufrió?;modo C: reconoce el enunciado del funcionario y reordena la lista blanca
n-s6-agresion_violenci-03;6;Agresión, violencia y riesgo;3;¿Necesita asistencia médica?;ASISTENCIA · DOCTOR · NECESITAR;ASISTENCIA_MEDICA;violencia;hearing;question;C;polarity;SÍ|NO;ASISTENCIA|DOCTOR|NECESITAR;NO_SABER;;;;;glosas_del_enunciado_como_respuesta;Q.SAL.ASISTENCIA;hecho;¿Qué agresión o maltrato sufrió?;modo C: reconoce el enunciado del funcionario y reordena la lista blanca
n-s6-agresion_violenci-04;6;Agresión, violencia y riesgo;4;¿Fue al hospital?;HOSPITAL · IR;ATENCION_HOSPITAL;violencia;hearing;question;C;polarity;SÍ|NO;HOSPITAL|IR;NO_SABER;;;;;glosas_del_enunciado_como_respuesta;Q.SAL.HOSPITAL;hecho;¿Qué agresión o maltrato sufrió?;modo C: reconoce el enunciado del funcionario y reordena la lista blanca
n-s6-agresion_violenci-05;6;Agresión, violencia y riesgo;5;¿Tiene certificado del doctor?;CERTIFICADO · DOCTOR · TENER;CERTIFICADO_MEDICO;violencia;hearing;question;C;polarity|evidence;SÍ|NO;CERTIFICADO|DOCTOR|TENER;NO_SABER;;DOCTOR|TENER;;;glosas_del_enunciado_como_respuesta|opcion_fuera_de_ranura;Q.SAL.CERTIFICADO;hecho;¿Qué agresión o maltrato sufrió?;modo C: reconoce el enunciado del funcionario y reordena la lista blanca
n-s6-agresion_violenci-06;6;Agresión, violencia y riesgo;6;¿Recibió amenazas?;AMENAZAR · RECIBIR;AMENAZA;violencia;hearing;question;C;polarity;SÍ|NO;AMENAZAR|RECIBIR;NO_SABER;;;;;glosas_del_enunciado_como_respuesta;Q.RIE.AMENAZAS;hecho;¿Qué agresión o maltrato sufrió?;modo C: reconoce el enunciado del funcionario y reordena la lista blanca
n-s6-agresion_violenci-07;6;Agresión, violencia y riesgo;7;¿Tiene miedo de volver a su casa?;MIEDO · CASA · VOLVER;RIESGO_RETORNO;violencia;hearing;question;C;polarity;SÍ|NO;MIEDO|CASA|VOLVER;NO_SABER;;;;;glosas_del_enunciado_como_respuesta;Q.RIE.MIEDO_CASA;hecho;¿Qué agresión o maltrato sufrió?;modo C: reconoce el enunciado del funcionario y reordena la lista blanca
n-s6-agresion_violenci-08;6;Agresión, violencia y riesgo;8;¿Necesita auxilio ahora?;AUXILIO · AHORA · NECESITAR;AUXILIO_INMEDIATO;violencia;hearing;question;C;polarity;SÍ|NO;AUXILIO|AHORA|NECESITAR;NO_SABER;;;;;glosas_del_enunciado_como_respuesta;Q.RIE.AUXILIO;hecho;¿Qué agresión o maltrato sufrió?;modo C: reconoce el enunciado del funcionario y reordena la lista blanca
n-s6-agresion_violenci-09;6;Agresión, violencia y riesgo;9;¿Hay niños u otras personas que necesiten protección?;HIJO/HIJA · PROTEGER · NECESITAR;PROTECCION_OTROS;violencia;hearing;question;C;polarity|person;SÍ|NO;HIJO|PROTEGER|NECESITAR;NO_SABER;;PROTEGER|NECESITAR;;;glosas_del_enunciado_como_respuesta|opcion_fuera_de_ranura|disyuntiva_tratada_como_si_no;Q.RIE.PROTECCION_OTROS;hecho;¿Qué agresión o maltrato sufrió?;modo C: reconoce el enunciado del funcionario y reordena la lista blanca
n-s6-agresion_violenci-10;6;Agresión, violencia y riesgo;10;¿Desea orientación para recibir asistencia de SEPDAVI?;ASISTENCIA · d(SEPDAVI) · QUERER;DERIVACION_SEPDAVI;violencia;hearing;question;C;polarity|institution;SÍ|NO;ASISTENCIA|QUERER;NO_SABER;;ASISTENCIA|QUERER;;d(SEPDAVI);glosas_del_enunciado_como_respuesta|opcion_fuera_de_ranura;Q.ORI.SEPDAVI;hecho;¿Qué agresión o maltrato sufrió?;modo C: reconoce el enunciado del funcionario y reordena la lista blanca
n-s6-amenazas_mensajes-01;6;Amenazas, mensajes y entorno digital;1;¿Las amenazas llegaron por celular?;AMENAZAR · CELULAR · ENVIAR;AMENAZA_CELULAR;amenaza_digital;hearing;question;C;polarity|object;SÍ|NO;AMENAZAR|CELULAR|ENVIAR;NO_SABER;;AMENAZAR|ENVIAR;;;glosas_del_enunciado_como_respuesta|opcion_fuera_de_ranura;Q.DIG.POR_CELULAR;hecho;¿Qué tipo de mensajes recibió?;modo C: reconoce el enunciado del funcionario y reordena la lista blanca
n-s6-amenazas_mensajes-02;6;Amenazas, mensajes y entorno digital;2;¿Le escribieron por internet?;INTERNET · ESCRIBIR · ENVIAR;MENSAJE_INTERNET;amenaza_digital;hearing;question;C;polarity;SÍ|NO;INTERNET|ESCRIBIR|ENVIAR;NO_SABER;;;;;glosas_del_enunciado_como_respuesta;Q.DIG.POR_INTERNET;hecho;¿Qué tipo de mensajes recibió?;modo C: reconoce el enunciado del funcionario y reordena la lista blanca
n-s6-amenazas_mensajes-03;6;Amenazas, mensajes y entorno digital;3;¿Conoce el número desde el que le escribieron?;CELULAR · NÚM(...) · CONOCER;NUMERO_ORIGEN;amenaza_digital;hearing;question;C;polarity;SÍ|NO;CELULAR|CONOCER;NO_SABER;;;;NÚM(...);glosas_del_enunciado_como_respuesta;Q.DIG.NUMERO_CONOCE;hecho;¿Qué tipo de mensajes recibió?;modo C: reconoce el enunciado del funcionario y reordena la lista blanca
n-s6-amenazas_mensajes-04;6;Amenazas, mensajes y entorno digital;4;¿Guardó los mensajes?;ESCRIBIR · GUARDAR;GUARDAR_MENSAJES;amenaza_digital;hearing;question;C;polarity;SÍ|NO;ESCRIBIR|GUARDAR;NO_SABER;;;;;glosas_del_enunciado_como_respuesta;Q.DIG.GUARDO;hecho;¿Qué tipo de mensajes recibió?;modo C: reconoce el enunciado del funcionario y reordena la lista blanca
n-s6-amenazas_mensajes-05;6;Amenazas, mensajes y entorno digital;5;¿Tiene fotos de la pantalla?;FOTOS · CELULAR · TENER;CAPTURAS;amenaza_digital;hearing;question;C;polarity|evidence;SÍ|NO;FOTOS|CELULAR|TENER;NO_SABER;;TENER;;;glosas_del_enunciado_como_respuesta|opcion_fuera_de_ranura;Q.DIG.CAPTURAS;evidencia;¿Guardó los mensajes o tiene fotos de pantalla?;modo C: reconoce el enunciado del funcionario y reordena la lista blanca
n-s6-amenazas_mensajes-06;6;Amenazas, mensajes y entorno digital;6;¿Sigue recibiendo mensajes?;AÚN · RECIBIR · ESCRIBIR;CONTINUIDAD_MENSAJES;amenaza_digital;hearing;question;C;polarity;SÍ|NO;AÚN|RECIBIR|ESCRIBIR;NO_SABER;;;;;glosas_del_enunciado_como_respuesta;Q.DIG.CONTINUA;hecho;¿Qué tipo de mensajes recibió?;modo C: reconoce el enunciado del funcionario y reordena la lista blanca
n-s6-amenazas_mensajes-07;6;Amenazas, mensajes y entorno digital;7;¿Son uno o varios números?;CELULAR · NÚM(...) · ¿CUÁNTOS?;CANTIDAD_NUMEROS;amenaza_digital;hearing;question;C;polarity;SÍ|NO;CELULAR|CUÁNTOS;NO_SABER;CUÁNTOS;;;NÚM(...);glosas_del_enunciado_como_respuesta|interrogativa_como_respuesta|disyuntiva_tratada_como_si_no;Q.DIG.CANT_NUMEROS;hecho;¿Qué tipo de mensajes recibió?;modo C: reconoce el enunciado del funcionario y reordena la lista blanca
n-s6-amenazas_mensajes-08;6;Amenazas, mensajes y entorno digital;8;¿Puede mostrar el celular ahora?;CELULAR · AHORA · MOSTRAR · PUEDO;MOSTRAR_CELULAR;amenaza_digital;hearing;question;C;polarity|object;SÍ|NO;CELULAR|AHORA|MOSTRAR|PUEDO;NO_SABER;;AHORA|MOSTRAR;;;glosas_del_enunciado_como_respuesta|opcion_fuera_de_ranura;Q.DIG.MOSTRAR;hecho;¿Qué tipo de mensajes recibió?;modo C: reconoce el enunciado del funcionario y reordena la lista blanca
n-s6-engaño_dinero_y_t-01;6;Engaño, dinero y transacciones;1;¿Entregó o envió dinero?;DINERO/BILLETES · DAR/ENVIAR;DINERO_ENTREGADO;engano_dinero;hearing;question;C;polarity|object;SÍ|NO;BILLETES|DAR;NO_SABER;;DAR;;;glosas_del_enunciado_como_respuesta|opcion_fuera_de_ranura|disyuntiva_tratada_como_si_no;Q.DIN.ENTREGO;hecho;¿Cómo ocurrió el engaño con el dinero?;modo C: reconoce el enunciado del funcionario y reordena la lista blanca
n-s6-engaño_dinero_y_t-02;6;Engaño, dinero y transacciones;2;¿Cuánto dinero entregó?;BILLETES · ¿CUÁNTOS?;MONTO;engano_dinero;hearing;question;C;object|amount;;BILLETES|CUÁNTOS;NO_SABER;CUÁNTOS;CUÁNTOS;;;glosas_del_enunciado_como_respuesta|interrogativa_como_respuesta|opcion_fuera_de_ranura;Q.DIN.MONTO;hecho;¿Cómo ocurrió el engaño con el dinero?;modo C: reconoce el enunciado del funcionario y reordena la lista blanca
n-s6-engaño_dinero_y_t-03;6;Engaño, dinero y transacciones;3;¿Lo hizo mediante un banco?;BANCO · BILLETES · ENVIAR;BANCO;engano_dinero;hearing;question;C;polarity;SÍ|NO;BANCO|BILLETES|ENVIAR;NO_SABER;;;;;glosas_del_enunciado_como_respuesta;Q.DIN.POR_BANCO;hecho;¿Cómo ocurrió el engaño con el dinero?;modo C: reconoce el enunciado del funcionario y reordena la lista blanca
n-s6-engaño_dinero_y_t-04;6;Engaño, dinero y transacciones;4;¿Tiene factura o papel del banco?;FACTURA / PAPEL · BANCO · TENER;COMPROBANTE;engano_dinero;hearing;question;C;polarity|evidence;SÍ|NO;FACTURA|BANCO|TENER;NO_SABER;;BANCO|TENER;;;glosas_del_enunciado_como_respuesta|opcion_fuera_de_ranura|disyuntiva_tratada_como_si_no;Q.DIN.COMPROBANTE;hecho;¿Cómo ocurrió el engaño con el dinero?;modo C: reconoce el enunciado del funcionario y reordena la lista blanca
n-s6-engaño_dinero_y_t-05;6;Engaño, dinero y transacciones;5;¿Conoce el nombre de la persona?;ÉL/ELLA · NOMBRE · CONOCER;NOMBRE_PERSONA;engano_dinero;hearing;question;C;polarity|person;SÍ|NO;ÉL|NOMBRE|CONOCER;NO_SABER;;CONOCER;;;glosas_del_enunciado_como_respuesta|opcion_fuera_de_ranura;Q.DIN.RECEPTOR_NOMBRE;hecho;¿Cómo ocurrió el engaño con el dinero?;modo C: reconoce el enunciado del funcionario y reordena la lista blanca
n-s6-engaño_dinero_y_t-06;6;Engaño, dinero y transacciones;6;¿Tiene su número de celular?;ÉL/ELLA · CELULAR · NÚM(...) · TENER;CONTACTO_PERSONA;engano_dinero;hearing;question;C;polarity|object;SÍ|NO;ÉL|CELULAR|TENER;NO_SABER;;ÉL|TENER;;NÚM(...);glosas_del_enunciado_como_respuesta|opcion_fuera_de_ranura;Q.DIN.RECEPTOR_NUMERO;hecho;¿Cómo ocurrió el engaño con el dinero?;modo C: reconoce el enunciado del funcionario y reordena la lista blanca
n-s6-engaño_dinero_y_t-07;6;Engaño, dinero y transacciones;7;¿Se comunicaron por internet?;INTERNET · ESCRIBIR;CONTACTO_INTERNET;engano_dinero;hearing;question;C;polarity;SÍ|NO;INTERNET|ESCRIBIR;NO_SABER;;;;;glosas_del_enunciado_como_respuesta;Q.DIN.INTERNET;hecho;¿Cómo ocurrió el engaño con el dinero?;modo C: reconoce el enunciado del funcionario y reordena la lista blanca
n-s6-engaño_dinero_y_t-08;6;Engaño, dinero y transacciones;8;¿Conserva toda la conversación?;ESCRIBIR · TOTAL · GUARDAR;CONSERVAR_CHAT;engano_dinero;hearing;question;C;polarity;SÍ|NO;ESCRIBIR|TOTAL|GUARDAR;NO_SABER;;;;;glosas_del_enunciado_como_respuesta;Q.DIN.CHAT;hecho;¿Cómo ocurrió el engaño con el dinero?;modo C: reconoce el enunciado del funcionario y reordena la lista blanca
n-s6-testigos_fotos_v-01;6;Testigos, fotos, video y otros elementos;1;¿Hay algún testigo?;TESTIGO · TENER;TESTIGO_EXISTE;otro;hearing;question;C;polarity|person|evidence;SÍ|NO;TESTIGO|TENER;NO_SABER;;TENER;;;glosas_del_enunciado_como_respuesta|opcion_fuera_de_ranura;Q.TES.EXISTE;relato;¿Qué presenció o desea declarar?;modo C: reconoce el enunciado del funcionario y reordena la lista blanca
n-s6-testigos_fotos_v-02;6;Testigos, fotos, video y otros elementos;2;¿Cuántos testigos hay?;TESTIGO · ¿CUÁNTOS?;TESTIGO_CANTIDAD;otro;hearing;question;C;person|amount|evidence;;TESTIGO|CUÁNTOS;NO_SABER;CUÁNTOS;CUÁNTOS;;;glosas_del_enunciado_como_respuesta|interrogativa_como_respuesta|opcion_fuera_de_ranura;Q.TES.CANTIDAD;relato;¿Qué presenció o desea declarar?;modo C: reconoce el enunciado del funcionario y reordena la lista blanca
n-s6-testigos_fotos_v-03;6;Testigos, fotos, video y otros elementos;3;¿El testigo vio todo?;TESTIGO · TOTAL · VER;TESTIGO_VIO;otro;hearing;question;C;polarity|person|evidence;SÍ|NO;TESTIGO|TOTAL|VER;NO_SABER;;TOTAL|VER;;;glosas_del_enunciado_como_respuesta|opcion_fuera_de_ranura;Q.TES.VIO_TODO;relato;¿Qué presenció o desea declarar?;modo C: reconoce el enunciado del funcionario y reordena la lista blanca
n-s6-testigos_fotos_v-04;6;Testigos, fotos, video y otros elementos;4;¿Puede traer al testigo?;TESTIGO · TRAER · PUEDO;TESTIGO_TRAER;otro;hearing;question;C;polarity|person|evidence;SÍ|NO;TESTIGO|TRAER|PUEDO;NO_SABER;;TRAER;;;glosas_del_enunciado_como_respuesta|opcion_fuera_de_ranura;Q.TES.TRAER;relato;¿Qué presenció o desea declarar?;modo C: reconoce el enunciado del funcionario y reordena la lista blanca
n-s6-testigos_fotos_v-05;6;Testigos, fotos, video y otros elementos;5;¿Tiene fotografías?;FOTOS · TENER;FOTOS;otro;hearing;question;C;polarity;SÍ|NO;FOTOS|TENER;NO_SABER;;;;;glosas_del_enunciado_como_respuesta;Q.EVI.FOTOS;relato;¿Qué presenció o desea declarar?;modo C: reconoce el enunciado del funcionario y reordena la lista blanca
n-s6-testigos_fotos_v-06;6;Testigos, fotos, video y otros elementos;6;¿Tiene video?;VIDEO · TENER;VIDEO;otro;hearing;question;C;polarity|evidence;SÍ|NO;VIDEO|TENER;NO_SABER;;TENER;;;glosas_del_enunciado_como_respuesta|opcion_fuera_de_ranura;Q.EVI.VIDEO;relato;¿Qué presenció o desea declarar?;modo C: reconoce el enunciado del funcionario y reordena la lista blanca
n-s6-testigos_fotos_v-07;6;Testigos, fotos, video y otros elementos;7;¿Puede mostrarlo ahora?;AHORA · MOSTRAR · PUEDO;MOSTRAR;otro;hearing;question;C;polarity;SÍ|NO;AHORA|MOSTRAR|PUEDO;NO_SABER;;;;;glosas_del_enunciado_como_respuesta;Q.EVI.MOSTRAR_AHORA;relato;¿Qué presenció o desea declarar?;modo C: reconoce el enunciado del funcionario y reordena la lista blanca
n-s6-testigos_fotos_v-08;6;Testigos, fotos, video y otros elementos;8;¿Tiene un certificado?;CERTIFICADO · TENER;CERTIFICADO;otro;hearing;question;C;polarity|evidence;SÍ|NO;CERTIFICADO|TENER;NO_SABER;;TENER;;;glosas_del_enunciado_como_respuesta|opcion_fuera_de_ranura;Q.EVI.CERTIFICADO;relato;¿Qué presenció o desea declarar?;modo C: reconoce el enunciado del funcionario y reordena la lista blanca
n-s6-testigos_fotos_v-09;6;Testigos, fotos, video y otros elementos;9;¿Tiene una resolución o papel previo?;RESOLUCIÓN / PAPEL · TENER;RESOLUCION;otro;hearing;question;C;polarity;SÍ|NO;RESOLUCIÓN|TENER;NO_SABER;;;;;glosas_del_enunciado_como_respuesta|disyuntiva_tratada_como_si_no;Q.EVI.RESOLUCION_PREVIA;relato;¿Qué presenció o desea declarar?;modo C: reconoce el enunciado del funcionario y reordena la lista blanca
n-s6-testigos_fotos_v-10;6;Testigos, fotos, video y otros elementos;10;¿Desea presentar estos elementos?;PRESENTAR · FOTOS/VIDEO/PAPEL · QUERER;PRESENTAR_ELEMENTOS;otro;hearing;question;C;polarity;SÍ|NO;PRESENTAR|FOTOS|QUERER;NO_SABER;;;;;glosas_del_enunciado_como_respuesta;Q.EVI.PRESENTAR;relato;¿Qué presenció o desea declarar?;modo C: reconoce el enunciado del funcionario y reordena la lista blanca
n-s6-seguimiento_prelim-01;6;Seguimiento preliminar y orientación;1;¿Vino a consultar el estado de su caso?;INVESTIGACIÓN · BUSCAR · VENIR;CONSULTA_ESTADO;seguimiento;hearing;question;C;polarity;SÍ|NO;INVESTIGACIÓN|BUSCAR|VENIR;NO_SABER;;;;;glosas_del_enunciado_como_respuesta;Q.SEG.ESTADO_CASO;tramite;¿Qué gestión o trámite viene a consultar?;modo C: reconoce el enunciado del funcionario y reordena la lista blanca
n-s6-seguimiento_prelim-02;6;Seguimiento preliminar y orientación;2;¿Tiene el número de referencia?;NÚM(...) · TENER;NUMERO_REFERENCIA;seguimiento;hearing;question;C;polarity;SÍ|NO;TENER;NO_SABER;;;;NÚM(...);glosas_del_enunciado_como_respuesta;Q.SEG.NUM_REFERENCIA;tramite;¿Qué gestión o trámite viene a consultar?;modo C: reconoce el enunciado del funcionario y reordena la lista blanca
n-s6-seguimiento_prelim-03;6;Seguimiento preliminar y orientación;3;¿Cuándo presentó la denuncia?;[DENUNCIA] · ¿CUÁNDO?;FECHA_DENUNCIA;seguimiento;hearing;question;C;time;;CUÁNDO;NO_SABER;CUÁNDO;CUÁNDO;;[DENUNCIA];glosas_del_enunciado_como_respuesta|interrogativa_como_respuesta|opcion_fuera_de_ranura;Q.SEG.FECHA_DENUNCIA;tiempo;¿Para cuándo está programada la actuación?;modo C: reconoce el enunciado del funcionario y reordena la lista blanca
n-s6-seguimiento_prelim-04;6;Seguimiento preliminar y orientación;4;¿Quiere hablar con el policía encargado?;POLICÍA · HABLAR · QUERER;HABLAR_POLICIA;seguimiento;hearing;question;C;polarity|institution;SÍ|NO;POLICÍA|HABLAR|QUERER;NO_SABER;;HABLAR|QUERER;;;glosas_del_enunciado_como_respuesta|opcion_fuera_de_ranura;Q.SEG.HABLAR_POLICIA;institucion_autoridad;¿Con qué autoridad o institución debe coordinar?;modo C: reconoce el enunciado del funcionario y reordena la lista blanca
n-s6-seguimiento_prelim-05;6;Seguimiento preliminar y orientación;5;¿Necesita hablar con un abogado?;ABOGADO · HABLAR · NECESITAR;HABLAR_ABOGADO;seguimiento;hearing;question;C;polarity;SÍ|NO;ABOGADO|HABLAR|NECESITAR;NO_SABER;;;;;glosas_del_enunciado_como_respuesta;Q.SEG.HABLAR_ABOGADO;institucion_autoridad;¿Con qué autoridad o institución debe coordinar?;modo C: reconoce el enunciado del funcionario y reordena la lista blanca
n-s6-seguimiento_prelim-06;6;Seguimiento preliminar y orientación;6;¿Necesita defensa pública gratuita?;ABOGADO · GRATIS · d(SEPDEP) · NECESITAR;SEPDEP;seguimiento;hearing;question;C;polarity;SÍ|NO;ABOGADO|GRATIS|NECESITAR;NO_SABER;;;;d(SEPDEP);glosas_del_enunciado_como_respuesta;Q.SEG.DEFENSA_PUBLICA;institucion_autoridad;¿Con qué autoridad o institución debe coordinar?;modo C: reconoce el enunciado del funcionario y reordena la lista blanca
n-s6-seguimiento_prelim-07;6;Seguimiento preliminar y orientación;7;¿Necesita saber dónde está la Fiscalía?;d(FISCALÍA) · ¿DÓNDE?;FISCALIA;seguimiento;hearing;question;C;polarity|place|institution;SÍ|NO;DÓNDE;NO_SABER;DÓNDE;DÓNDE;;d(FISCALÍA);glosas_del_enunciado_como_respuesta|interrogativa_como_respuesta|opcion_fuera_de_ranura;Q.SEG.DONDE_FISCALIA;institucion_autoridad;¿Con qué autoridad o institución debe coordinar?;modo C: reconoce el enunciado del funcionario y reordena la lista blanca
n-s6-seguimiento_prelim-08;6;Seguimiento preliminar y orientación;8;¿Recibió un papel de convocatoria?;PAPEL · CONVOCAR · RECIBIR;CITACION;seguimiento;hearing;question;C;polarity;SÍ|NO;PAPEL|CONVOCAR|RECIBIR;NO_SABER;;;;;glosas_del_enunciado_como_respuesta;Q.SEG.CITACION;tramite;¿Qué gestión o trámite viene a consultar?;modo C: reconoce el enunciado del funcionario y reordena la lista blanca
n-s6-seguimiento_prelim-09;6;Seguimiento preliminar y orientación;9;¿Tiene que volver otro día?;VOLVER · DÍA · NECESITAR;RETORNO;seguimiento;hearing;question;C;polarity;SÍ|NO;VOLVER|DÍA|NECESITAR;NO_SABER;;;;;glosas_del_enunciado_como_respuesta;Q.SEG.RETORNO;tramite;¿Qué gestión o trámite viene a consultar?;modo C: reconoce el enunciado del funcionario y reordena la lista blanca
n-s6-seguimiento_prelim-10;6;Seguimiento preliminar y orientación;10;¿Prefiere que le avisemos por escrito?;AVISAR · ESCRIBIR · ENVIAR · MEJOR;AVISO_ESCRITO;seguimiento;hearing;question;C;polarity;SÍ|NO;AVISAR|ESCRIBIR|ENVIAR|MEJOR;NO_SABER;;;;;glosas_del_enunciado_como_respuesta;Q.ID.AVISO;tramite;¿Qué gestión o trámite viene a consultar?;modo C: reconoce el enunciado del funcionario y reordena la lista blanca
n-s6-interaccion_con_fi-01;6;Interacción con fiscal/juez en el límite del alcance;1;¿Necesita hablar con el fiscal?;d(FISCAL) · HABLAR · NECESITAR;HABLAR_FISCAL;seguimiento;hearing;question;C;polarity|institution;SÍ|NO;HABLAR|NECESITAR;NO_SABER;;HABLAR|NECESITAR;;d(FISCAL);glosas_del_enunciado_como_respuesta|opcion_fuera_de_ranura;Q.SEG.HABLAR_FISCAL;institucion_autoridad;¿Con qué autoridad o institución debe coordinar?;modo C: reconoce el enunciado del funcionario y reordena la lista blanca
n-s6-interaccion_con_fi-02;6;Interacción con fiscal/juez en el límite del alcance;2;¿Le indicaron ir a la Fiscalía?;d(FISCALÍA) · IR;DERIVACION_FISCALIA;seguimiento;hearing;question;C;polarity|institution;SÍ|NO;IR;NO_SABER;;IR;;d(FISCALÍA);glosas_del_enunciado_como_respuesta|opcion_fuera_de_ranura;Q.SEG.DERIVACION_FISCALIA;institucion_autoridad;¿Con qué autoridad o institución debe coordinar?;modo C: reconoce el enunciado del funcionario y reordena la lista blanca
n-s6-interaccion_con_fi-03;6;Interacción con fiscal/juez en el límite del alcance;3;¿Recibió una resolución?;RESOLUCIÓN · RECIBIR;RECIBIR_RESOLUCION;seguimiento;hearing;question;C;polarity;SÍ|NO;RESOLUCIÓN|RECIBIR;NO_SABER;;;;;glosas_del_enunciado_como_respuesta;Q.SEG.RESOLUCION;tramite;¿Qué gestión o trámite viene a consultar?;modo C: reconoce el enunciado del funcionario y reordena la lista blanca
n-s6-interaccion_con_fi-04;6;Interacción con fiscal/juez en el límite del alcance;4;¿Debe presentarse ante un juez?;JUEZ · PRESENTAR;JUEZ;seguimiento;hearing;question;C;polarity;SÍ|NO;JUEZ|PRESENTAR;NO_SABER;;;;;glosas_del_enunciado_como_respuesta;Q.SEG.JUEZ;institucion_autoridad;¿Con qué autoridad o institución debe coordinar?;modo C: reconoce el enunciado del funcionario y reordena la lista blanca
n-s6-interaccion_con_fi-05;6;Interacción con fiscal/juez en el límite del alcance;5;¿Sabe dónde está el Órgano Judicial?;ÓRGANO-JUDICIAL · ¿DÓNDE?;ORGANO_JUDICIAL;seguimiento;hearing;question;C;polarity|place;SÍ|NO;ÓRGANO_JUDICIAL|DÓNDE;NO_SABER;DÓNDE;DÓNDE;;;glosas_del_enunciado_como_respuesta|interrogativa_como_respuesta|opcion_fuera_de_ranura;Q.SEG.ORGANO_JUDICIAL;tramite;¿Qué gestión o trámite viene a consultar?;modo C: reconoce el enunciado del funcionario y reordena la lista blanca
n-s6-interaccion_con_fi-06;6;Interacción con fiscal/juez en el límite del alcance;6;¿Necesita intérprete para esa reunión?;INTÉRPRETE · REUNIÓN · NECESITAR;INTERPRETE_REUNION;seguimiento;hearing;question;C;polarity;SÍ|NO;INTÉRPRETE|REUNIÓN|NECESITAR;NO_SABER;;;;;glosas_del_enunciado_como_respuesta;Q.SEG.INTERPRETE_REUNION;institucion_autoridad;¿Con qué autoridad o institución debe coordinar?;modo C: reconoce el enunciado del funcionario y reordena la lista blanca
n-s6-interaccion_con_fi-07;6;Interacción con fiscal/juez en el límite del alcance;7;¿Quiere leer el papel antes de escribir su nombre?;PAPEL · LEER · NOMBRE · ESCRIBIR · QUERER;LECTURA_ANTES_FIRMA;seguimiento;hearing;question;C;polarity|time;SÍ|NO;PAPEL|LEER|NOMBRE|ESCRIBIR|QUERER;NO_SABER;;PAPEL|LEER|ESCRIBIR|QUERER;;;glosas_del_enunciado_como_respuesta|opcion_fuera_de_ranura;Q.SEG.LEER_ANTES_FIRMAR;tramite;¿Qué gestión o trámite viene a consultar?;modo C: reconoce el enunciado del funcionario y reordena la lista blanca
n-s6-interaccion_con_fi-08;6;Interacción con fiscal/juez en el límite del alcance;8;¿Está de acuerdo con lo escrito?;ESTAR-DE-ACUERDO · ESCRIBIR;CONFORMIDAD;seguimiento;hearing;question;C;polarity;SÍ|NO;ESTAR_DE_ACUERDO|ESCRIBIR;NO_SABER;;;;;glosas_del_enunciado_como_respuesta;Q.SEG.CONFORMIDAD;tramite;¿Qué gestión o trámite viene a consultar?;modo C: reconoce el enunciado del funcionario y reordena la lista blanca
n-s7-acceso_y_comunicac-01;7;Acceso y comunicación;1;¿Aquí hay intérprete de LSB?;INTÉRPRETE · AQUÍ · TENER;SIN_INTENCION;identificacion;deaf;question;A|B;polarity;SÍ|NO;INTÉRPRETE|AQUÍ|TENER;NO_SABER;;;;;;;;;ninguno: el cliente solo empareja nodos en modo C
n-s7-acceso_y_comunicac-02;7;Acceso y comunicación;2;¿Puede escribir lo que me pregunta?;TÚ · ESCRIBIR · PUEDO;SIN_INTENCION;identificacion;deaf;question;A|B;polarity;SÍ|NO;TÚ|ESCRIBIR|PUEDO;NO_SABER;;;;;;;;;ninguno: el cliente solo empareja nodos en modo C
n-s7-acceso_y_comunicac-03;7;Acceso y comunicación;3;¿Puede hablar más despacio?;TÚ · LENTO · HABLAR · PUEDO;SIN_INTENCION;identificacion;deaf;question;A|B;polarity;SÍ|NO;TÚ|LENTO|HABLAR|PUEDO;NO_SABER;;;;;;;;;ninguno: el cliente solo empareja nodos en modo C
n-s7-acceso_y_comunicac-04;7;Acceso y comunicación;4;¿Puede mostrarme otra vez?;VOLVER · MOSTRAR · PUEDO;SIN_INTENCION;identificacion;deaf;question;A|B;polarity;SÍ|NO;VOLVER|MOSTRAR|PUEDO;NO_SABER;;;;;;;;;ninguno: el cliente solo empareja nodos en modo C
n-s7-acceso_y_comunicac-05;7;Acceso y comunicación;5;¿Puedo leer primero?;YO · LEER · PRIMERA-VEZ · PUEDO;SIN_INTENCION;identificacion;deaf;question;A|B;polarity;SÍ|NO;YO|LEER|PRIMERA_VEZ|PUEDO;NO_SABER;;;;;;;;;ninguno: el cliente solo empareja nodos en modo C
n-s7-acceso_y_comunicac-06;7;Acceso y comunicación;6;¿Me entiende?;TÚ · YO · COMPRENDER;SIN_INTENCION;identificacion;deaf;question;A|B;polarity;SÍ|NO;TÚ|YO|COMPRENDER;NO_SABER;;;;;;;;;ninguno: el cliente solo empareja nodos en modo C
n-s7-acceso_y_comunicac-07;7;Acceso y comunicación;7;¿Puedo venir con mi intérprete?;INTÉRPRETE · ACOMPAÑAR · VENIR · PUEDO;SIN_INTENCION;identificacion;deaf;question;A|B;polarity;SÍ|NO;INTÉRPRETE|ACOMPAÑAR|VENIR|PUEDO;NO_SABER;;;;;;;;;ninguno: el cliente solo empareja nodos en modo C
n-s7-acceso_y_comunicac-08;7;Acceso y comunicación;8;¿Pueden avisarme por mensaje escrito?;AVISAR · CELULAR · ESCRIBIR · ENVIAR · PUEDO;SIN_INTENCION;identificacion;deaf;question;A|B;polarity;SÍ|NO;AVISAR|CELULAR|ESCRIBIR|ENVIAR|PUEDO;NO_SABER;;;;;;;;;ninguno: el cliente solo empareja nodos en modo C
n-s7-denuncia_y_relato-01;7;Denuncia y relato;1;¿Puedo presentar mi denuncia aquí?;PRESENTAR · [DENUNCIA] · AQUÍ · PUEDO;SIN_INTENCION;denuncia_robo;deaf;question;A|B;polarity;SÍ|NO;PRESENTAR|AQUÍ|PUEDO;NO_SABER;;;;[DENUNCIA];;;;;ninguno: el cliente solo empareja nodos en modo C
n-s7-denuncia_y_relato-02;7;Denuncia y relato;2;¿Quién va a recibir mi denuncia?;¿QUIÉN? · RECIBIR · [DENUNCIA];SIN_INTENCION;denuncia_robo;deaf;question;A|B;person;;QUIÉN|RECIBIR;NO_SABER;QUIÉN;QUIÉN|RECIBIR;;[DENUNCIA];opcion_fuera_de_ranura;;;;ninguno: el cliente solo empareja nodos en modo C
n-s7-denuncia_y_relato-03;7;Denuncia y relato;3;¿Tengo que contar todo ahora?;YO · TOTAL · NARRAR · AHORA · NECESITAR;SIN_INTENCION;denuncia_robo;deaf;question;A|B;polarity|free_text;SÍ|NO;YO|TOTAL|NARRAR|AHORA|NECESITAR;NO_SABER;;;;;;;;;ninguno: el cliente solo empareja nodos en modo C
n-s7-denuncia_y_relato-04;7;Denuncia y relato;4;¿Puedo explicar despacio?;YO · LENTO · EXPLICAR · PUEDO;SIN_INTENCION;denuncia_robo;deaf;question;A|B;polarity|free_text;SÍ|NO;YO|LENTO|EXPLICAR|PUEDO;NO_SABER;;;;;;;;;ninguno: el cliente solo empareja nodos en modo C
n-s7-denuncia_y_relato-05;7;Denuncia y relato;5;¿Puedo agregar información después?;AUMENTAR · NARRAR · DESPUÉS · PUEDO;SIN_INTENCION;denuncia_robo;deaf;question;A|B;polarity|free_text;SÍ|NO;AUMENTAR|NARRAR|DESPUÉS|PUEDO;NO_SABER;;;;;;;;;ninguno: el cliente solo empareja nodos en modo C
n-s7-denuncia_y_relato-06;7;Denuncia y relato;6;¿Puedo corregir algo si está mal escrito?;MAL · ESCRIBIR · ARREGLAR · PUEDO;SIN_INTENCION;denuncia_robo;deaf;question;A|B;polarity;SÍ|NO;MAL|ESCRIBIR|ARREGLAR|PUEDO;NO_SABER;;;;;;;;;ninguno: el cliente solo empareja nodos en modo C
n-s7-denuncia_y_relato-07;7;Denuncia y relato;7;¿Puedo leer lo escrito antes de poner mi nombre?;PAPEL · LEER · NOMBRE · ESCRIBIR · PUEDO;SIN_INTENCION;denuncia_robo;deaf;question;A|B;polarity|time;SÍ|NO;PAPEL|LEER|NOMBRE|ESCRIBIR|PUEDO;NO_SABER;;PAPEL|LEER|ESCRIBIR;;;opcion_fuera_de_ranura;;;;ninguno: el cliente solo empareja nodos en modo C
n-s7-denuncia_y_relato-08;7;Denuncia y relato;8;¿Me dan una copia?;FOTOCOPIA · YO · RECIBIR;SIN_INTENCION;denuncia_robo;deaf;question;A|B;polarity;SÍ|NO;FOTOCOPIA|YO|RECIBIR;NO_SABER;;;;;;;;;ninguno: el cliente solo empareja nodos en modo C
n-s7-robo_y_objetos-01;7;Robo y objetos;1;¿Pueden buscar mi celular?;MÍO · CELULAR · BUSCAR · PUEDO;SIN_INTENCION;denuncia_robo;deaf;question;A|B;polarity|object;SÍ|NO;MÍO|CELULAR|BUSCAR|PUEDO;NO_SABER;;MÍO|BUSCAR;;;opcion_fuera_de_ranura;;;;ninguno: el cliente solo empareja nodos en modo C
n-s7-robo_y_objetos-02;7;Robo y objetos;2;¿Traigo la factura del celular?;CELULAR · FACTURA · TRAER · NECESITAR;SIN_INTENCION;denuncia_robo;deaf;question;A|B;polarity|object|evidence;SÍ|NO;CELULAR|FACTURA|TRAER|NECESITAR;NO_SABER;;TRAER|NECESITAR;;;opcion_fuera_de_ranura;;;;ninguno: el cliente solo empareja nodos en modo C
n-s7-robo_y_objetos-03;7;Robo y objetos;3;¿Traigo la caja del celular?;CELULAR · CAJA · TRAER · NECESITAR;SIN_INTENCION;denuncia_robo;deaf;question;A|B;polarity|object;SÍ|NO;CELULAR|CAJA|TRAER|NECESITAR;NO_SABER;;TRAER|NECESITAR;;;opcion_fuera_de_ranura;;;;ninguno: el cliente solo empareja nodos en modo C
n-s7-robo_y_objetos-04;7;Robo y objetos;4;¿Dónde entrego las fotos?;FOTOS · YO · ¿DÓNDE? · DAR;SIN_INTENCION;denuncia_robo;deaf;question;A|B;place|evidence;;FOTOS|YO|DÓNDE|DAR;NO_SABER;DÓNDE;YO|DÓNDE|DAR;;;opcion_fuera_de_ranura;;;;ninguno: el cliente solo empareja nodos en modo C
n-s7-robo_y_objetos-05;7;Robo y objetos;5;¿Puedo traer el video mañana?;VIDEO · MAÑANA · TRAER · PUEDO;SIN_INTENCION;denuncia_robo;deaf;question;A|B;polarity|evidence;SÍ|NO;VIDEO|MAÑANA|TRAER|PUEDO;NO_SABER;;MAÑANA|TRAER;;;opcion_fuera_de_ranura;;;;ninguno: el cliente solo empareja nodos en modo C
n-s7-robo_y_objetos-06;7;Robo y objetos;6;¿Puedo agregar otro objeto robado?;ROBAR · OBJETO · AUMENTAR · PUEDO;SIN_INTENCION;denuncia_robo;deaf;question;A|B;polarity|object|free_text;SÍ|NO;ROBAR|AUMENTAR|PUEDO;NO_SABER;;;OBJETO;;;;;;ninguno: el cliente solo empareja nodos en modo C
n-s7-robo_y_objetos-07;7;Robo y objetos;7;¿Me avisan si encuentran mi celular?;CELULAR · BUSCAR · TERMINAR · YO · AVISAR;SIN_INTENCION;denuncia_robo;deaf;question;A|B;polarity|object;SÍ|NO;CELULAR|BUSCAR|TERMINAR|YO|AVISAR;NO_SABER;;BUSCAR|TERMINAR|YO|AVISAR;;;opcion_fuera_de_ranura;;;;ninguno: el cliente solo empareja nodos en modo C
n-s7-robo_y_objetos-08;7;Robo y objetos;8;¿La investigación continúa?;INVESTIGACIÓN · CONTINUAR;SIN_INTENCION;denuncia_robo;deaf;question;A|B;polarity;SÍ|NO;INVESTIGACIÓN|CONTINUAR;NO_SABER;;;;;;;;;ninguno: el cliente solo empareja nodos en modo C
n-s7-violencia_amenaza-01;7;Violencia, amenazas y asistencia;1;¿Puedo pedir ayuda ahora?;AYUDAR · AHORA · PEDIR · PUEDO;SIN_INTENCION;violencia;deaf;question;A|B;polarity;SÍ|NO;AYUDAR|AHORA|PEDIR|PUEDO;NO_SABER;;;;;;;;;ninguno: el cliente solo empareja nodos en modo C
n-s7-violencia_amenaza-02;7;Violencia, amenazas y asistencia;2;¿Pueden ayudarme a estar protegido?;YO · PROTEGER · AYUDAR · PUEDO;SIN_INTENCION;violencia;deaf;question;A|B;polarity;SÍ|NO;YO|PROTEGER|AYUDAR|PUEDO;NO_SABER;;;;;;;;;ninguno: el cliente solo empareja nodos en modo C
n-s7-violencia_amenaza-03;7;Violencia, amenazas y asistencia;3;¿Necesito ir al hospital?;HOSPITAL · IR · NECESITAR;SIN_INTENCION;violencia;deaf;question;A|B;polarity;SÍ|NO;HOSPITAL|IR|NECESITAR;NO_SABER;;;;;;;;;ninguno: el cliente solo empareja nodos en modo C
n-s7-violencia_amenaza-04;7;Violencia, amenazas y asistencia;4;¿Necesito certificado del doctor?;DOCTOR · CERTIFICADO · NECESITAR;SIN_INTENCION;violencia;deaf;question;A|B;polarity|evidence;SÍ|NO;DOCTOR|CERTIFICADO|NECESITAR;NO_SABER;;DOCTOR|NECESITAR;;;opcion_fuera_de_ranura;;;;ninguno: el cliente solo empareja nodos en modo C
n-s7-violencia_amenaza-05;7;Violencia, amenazas y asistencia;5;¿Dónde entrego el certificado?;CERTIFICADO · ¿DÓNDE? · DAR;SIN_INTENCION;violencia;deaf;question;A|B;place|evidence;;CERTIFICADO|DÓNDE|DAR;NO_SABER;DÓNDE;DÓNDE|DAR;;;opcion_fuera_de_ranura;;;;ninguno: el cliente solo empareja nodos en modo C
n-s7-violencia_amenaza-06;7;Violencia, amenazas y asistencia;6;¿Qué hago si vuelve a amenazarme?;ÉL · VOLVER · AMENAZAR /cond/ · YO · ¿QUÉ? · HACER;SIN_INTENCION;violencia;deaf;question;A|B;free_text;;ÉL|VOLVER|AMENAZAR|YO|QUÉ|HACER;NO_SABER;QUÉ;;;;;;;;ninguno: el cliente solo empareja nodos en modo C
n-s7-violencia_amenaza-07;7;Violencia, amenazas y asistencia;7;¿Puedo mostrar los mensajes del celular?;CELULAR · ESCRIBIR · MOSTRAR · PUEDO;SIN_INTENCION;violencia;deaf;question;A|B;polarity|object;SÍ|NO;CELULAR|ESCRIBIR|MOSTRAR|PUEDO;NO_SABER;;ESCRIBIR|MOSTRAR;;;opcion_fuera_de_ranura;;;;ninguno: el cliente solo empareja nodos en modo C
n-s7-violencia_amenaza-08;7;Violencia, amenazas y asistencia;8;¿SEPDAVI puede ayudarme?;d(SEPDAVI) · YO · AYUDAR · PUEDO;SIN_INTENCION;violencia;deaf;question;A|B;polarity|institution;SÍ|NO;YO|AYUDAR|PUEDO;NO_SABER;;YO|AYUDAR;;d(SEPDAVI);opcion_fuera_de_ranura;;;;ninguno: el cliente solo empareja nodos en modo C
n-s7-testigos_y_evidenc-01;7;Testigos y evidencia concreta;1;¿Puedo traer al testigo mañana?;TESTIGO · MAÑANA · TRAER · PUEDO;SIN_INTENCION;otro;deaf;question;A|B;polarity|person|evidence;SÍ|NO;TESTIGO|MAÑANA|TRAER|PUEDO;NO_SABER;;MAÑANA|TRAER;;;opcion_fuera_de_ranura;;;;ninguno: el cliente solo empareja nodos en modo C
n-s7-testigos_y_evidenc-02;7;Testigos y evidencia concreta;2;¿El testigo necesita su carnet?;TESTIGO · PAPEL · IDENTIDAD · NECESITAR;SIN_INTENCION;otro;deaf;question;A|B;polarity|person|evidence;SÍ|NO;TESTIGO|PAPEL|IDENTIDAD|NECESITAR;NO_SABER;;NECESITAR;;;opcion_fuera_de_ranura;;;;ninguno: el cliente solo empareja nodos en modo C
n-s7-testigos_y_evidenc-03;7;Testigos y evidencia concreta;3;¿Puedo enviar las fotos?;FOTOS · ENVIAR · PUEDO;SIN_INTENCION;otro;deaf;question;A|B;polarity|evidence;SÍ|NO;FOTOS|ENVIAR|PUEDO;NO_SABER;;ENVIAR;;;opcion_fuera_de_ranura;;;;ninguno: el cliente solo empareja nodos en modo C
n-s7-testigos_y_evidenc-04;7;Testigos y evidencia concreta;4;¿Puedo mostrar el video desde mi celular?;VIDEO · CELULAR · MOSTRAR · PUEDO;SIN_INTENCION;otro;deaf;question;A|B;polarity|object|evidence;SÍ|NO;VIDEO|CELULAR|MOSTRAR|PUEDO;NO_SABER;;MOSTRAR;;;opcion_fuera_de_ranura;;;;ninguno: el cliente solo empareja nodos en modo C
n-s7-testigos_y_evidenc-05;7;Testigos y evidencia concreta;5;¿Necesito fotocopias?;FOTOCOPIA · NECESITAR;SIN_INTENCION;otro;deaf;question;A|B;polarity;SÍ|NO;FOTOCOPIA|NECESITAR;NO_SABER;;;;;;;;;ninguno: el cliente solo empareja nodos en modo C
n-s7-testigos_y_evidenc-06;7;Testigos y evidencia concreta;6;¿Me dan un papel con sello?;PAPEL · SELLO · YO · RECIBIR;SIN_INTENCION;otro;deaf;question;A|B;polarity;SÍ|NO;PAPEL|SELLO|YO|RECIBIR;NO_SABER;;;;;;;;;ninguno: el cliente solo empareja nodos en modo C
n-s7-testigos_y_evidenc-07;7;Testigos y evidencia concreta;7;¿Puedo presentar un certificado después?;PRESENTAR · CERTIFICADO · DESPUÉS · PUEDO;SIN_INTENCION;otro;deaf;question;A|B;polarity|evidence;SÍ|NO;PRESENTAR|CERTIFICADO|DESPUÉS|PUEDO;NO_SABER;;PRESENTAR|DESPUÉS;;;opcion_fuera_de_ranura;;;;ninguno: el cliente solo empareja nodos en modo C
n-s7-testigos_y_evidenc-08;7;Testigos y evidencia concreta;8;¿Qué más tengo que traer?;TRAER · ¿QUÉ? · AÚN · NECESITAR;SIN_INTENCION;otro;deaf;question;A|B;free_text;;TRAER|QUÉ|AÚN|NECESITAR;NO_SABER;QUÉ;;;;;;;;ninguno: el cliente solo empareja nodos en modo C
n-s7-consulta_y_seguimi-01;7;Consulta y seguimiento;1;¿Quién investiga mi denuncia?;¿QUIÉN? · INVESTIGACIÓN · [DENUNCIA];SIN_INTENCION;seguimiento;deaf;question;A|B;person;;QUIÉN|INVESTIGACIÓN;NO_SABER;QUIÉN;QUIÉN|INVESTIGACIÓN;;[DENUNCIA];opcion_fuera_de_ranura;;;;ninguno: el cliente solo empareja nodos en modo C
n-s7-consulta_y_seguimi-02;7;Consulta y seguimiento;2;¿Puedo hablar con el policía encargado?;POLICÍA · HABLAR · PUEDO;SIN_INTENCION;seguimiento;deaf;question;A|B;polarity|institution;SÍ|NO;POLICÍA|HABLAR|PUEDO;NO_SABER;;HABLAR;;;opcion_fuera_de_ranura;;;;ninguno: el cliente solo empareja nodos en modo C
n-s7-consulta_y_seguimi-03;7;Consulta y seguimiento;3;¿Cuándo vuelvo?;YO · ¿CUÁNDO? · VOLVER;SIN_INTENCION;seguimiento;deaf;question;A|B;time;;YO|CUÁNDO|VOLVER;NO_SABER;CUÁNDO;YO|CUÁNDO|VOLVER;;;opcion_fuera_de_ranura;;;;ninguno: el cliente solo empareja nodos en modo C
n-s7-consulta_y_seguimi-04;7;Consulta y seguimiento;4;¿Cuánto tiempo debo esperar?;YO · ESPERAR · HORA/DÍA · ¿CUÁNTOS?;SIN_INTENCION;seguimiento;deaf;question;A|B;time|amount;;YO|ESPERAR|HORA|CUÁNTOS;NO_SABER;CUÁNTOS;YO|ESPERAR|CUÁNTOS;;;opcion_fuera_de_ranura;;;;ninguno: el cliente solo empareja nodos en modo C
n-s7-consulta_y_seguimi-05;7;Consulta y seguimiento;5;¿Me van a avisar?;ELLOS · YO · AVISAR;SIN_INTENCION;seguimiento;deaf;question;A|B;polarity;SÍ|NO;ELLOS|YO|AVISAR;NO_SABER;;;;;;;;;ninguno: el cliente solo empareja nodos en modo C
n-s7-consulta_y_seguimi-06;7;Consulta y seguimiento;6;¿Pueden escribirme al celular?;CELULAR · ESCRIBIR · ENVIAR · PUEDO;SIN_INTENCION;seguimiento;deaf;question;A|B;polarity|object;SÍ|NO;CELULAR|ESCRIBIR|ENVIAR|PUEDO;NO_SABER;;ESCRIBIR|ENVIAR;;;opcion_fuera_de_ranura;;;;ninguno: el cliente solo empareja nodos en modo C
n-s7-consulta_y_seguimi-07;7;Consulta y seguimiento;7;¿La investigación ya terminó?;INVESTIGACIÓN · TERMINAR;SIN_INTENCION;seguimiento;deaf;question;A|B;polarity;SÍ|NO;INVESTIGACIÓN|TERMINAR;NO_SABER;;;;;;;;;ninguno: el cliente solo empareja nodos en modo C
n-s7-consulta_y_seguimi-08;7;Consulta y seguimiento;8;¿Encontraron a la persona?;ÉL/ELLA · BUSCAR · TERMINAR;SIN_INTENCION;seguimiento;deaf;question;A|B;polarity|person;SÍ|NO;ÉL|BUSCAR|TERMINAR;NO_SABER;;BUSCAR|TERMINAR;;;opcion_fuera_de_ranura;;;;ninguno: el cliente solo empareja nodos en modo C
n-s7-consulta_y_seguimi-09;7;Consulta y seguimiento;9;¿Puedo cambiar mi dirección?;MÍO · DIRECCIÓN · CAMBIAR · PUEDO;SIN_INTENCION;seguimiento;deaf;question;A|B;polarity|place;SÍ|NO;MÍO|DIRECCIÓN|CAMBIAR|PUEDO;NO_SABER;;MÍO|CAMBIAR;;;opcion_fuera_de_ranura;;;;ninguno: el cliente solo empareja nodos en modo C
n-s7-consulta_y_seguimi-10;7;Consulta y seguimiento;10;¿Puedo cambiar mi número de celular?;MÍO · CELULAR · NÚM(...) · CAMBIAR · PUEDO;SIN_INTENCION;seguimiento;deaf;question;A|B;polarity|object;SÍ|NO;MÍO|CELULAR|CAMBIAR|PUEDO;NO_SABER;;MÍO|CAMBIAR;;NÚM(...);opcion_fuera_de_ranura;;;;ninguno: el cliente solo empareja nodos en modo C
n-s7-fiscalia_asistenc-01;7;Fiscalía, asistencia y defensa;1;¿Dónde está la Fiscalía?;d(FISCALÍA) · ¿DÓNDE?;SIN_INTENCION;seguimiento;deaf;question;A|B;place|institution;;DÓNDE;NO_SABER;DÓNDE;DÓNDE;;d(FISCALÍA);opcion_fuera_de_ranura;;;;ninguno: el cliente solo empareja nodos en modo C
n-s7-fiscalia_asistenc-02;7;Fiscalía, asistencia y defensa;2;¿Tengo que ir a la Fiscalía?;d(FISCALÍA) · IR · NECESITAR;SIN_INTENCION;seguimiento;deaf;question;A|B;polarity|institution;SÍ|NO;IR|NECESITAR;NO_SABER;;IR|NECESITAR;;d(FISCALÍA);opcion_fuera_de_ranura;;;;ninguno: el cliente solo empareja nodos en modo C
n-s7-fiscalia_asistenc-03;7;Fiscalía, asistencia y defensa;3;¿Puedo hablar con el fiscal?;d(FISCAL) · HABLAR · PUEDO;SIN_INTENCION;seguimiento;deaf;question;A|B;polarity|institution;SÍ|NO;HABLAR|PUEDO;NO_SABER;;HABLAR;;d(FISCAL);opcion_fuera_de_ranura;;;;ninguno: el cliente solo empareja nodos en modo C
n-s7-fiscalia_asistenc-04;7;Fiscalía, asistencia y defensa;4;¿Necesito abogado?;ABOGADO · NECESITAR;SIN_INTENCION;seguimiento;deaf;question;A|B;polarity;SÍ|NO;ABOGADO|NECESITAR;NO_SABER;;;;;;;;;ninguno: el cliente solo empareja nodos en modo C
n-s7-fiscalia_asistenc-05;7;Fiscalía, asistencia y defensa;5;¿Hay abogado gratis?;ABOGADO · GRATIS · TENER;SIN_INTENCION;seguimiento;deaf;question;A|B;polarity;SÍ|NO;ABOGADO|GRATIS|TENER;NO_SABER;;;;;;;;;ninguno: el cliente solo empareja nodos en modo C
n-s7-fiscalia_asistenc-06;7;Fiscalía, asistencia y defensa;6;¿SEPDEP puede darme defensa gratuita?;d(SEPDEP) · ABOGADO · GRATIS;SIN_INTENCION;seguimiento;deaf;question;A|B;polarity|institution;SÍ|NO;ABOGADO|GRATIS;NO_SABER;;GRATIS;;d(SEPDEP);opcion_fuera_de_ranura;;;;ninguno: el cliente solo empareja nodos en modo C
n-s7-fiscalia_asistenc-07;7;Fiscalía, asistencia y defensa;7;¿SEPDAVI puede orientarme?;d(SEPDAVI) · ASISTENCIA · AYUDAR;SIN_INTENCION;seguimiento;deaf;question;A|B;polarity|institution;SÍ|NO;ASISTENCIA|AYUDAR;NO_SABER;;ASISTENCIA|AYUDAR;;d(SEPDAVI);opcion_fuera_de_ranura;;;;ninguno: el cliente solo empareja nodos en modo C
n-s7-fiscalia_asistenc-08;7;Fiscalía, asistencia y defensa;8;¿Dónde está el Órgano Judicial?;ÓRGANO-JUDICIAL · ¿DÓNDE?;SIN_INTENCION;seguimiento;deaf;question;A|B;place;;ÓRGANO_JUDICIAL|DÓNDE;NO_SABER;DÓNDE;DÓNDE;;;opcion_fuera_de_ranura;;;;ninguno: el cliente solo empareja nodos en modo C
n-s7-fiscalia_asistenc-09;7;Fiscalía, asistencia y defensa;9;¿Tengo que presentarme ante un juez?;JUEZ · PRESENTAR · NECESITAR;SIN_INTENCION;seguimiento;deaf;question;A|B;polarity;SÍ|NO;JUEZ|PRESENTAR|NECESITAR;NO_SABER;;;;;;;;;ninguno: el cliente solo empareja nodos en modo C
n-s7-fiscalia_asistenc-10;7;Fiscalía, asistencia y defensa;10;¿Necesito intérprete para hablar con el juez?;JUEZ · INTÉRPRETE · NECESITAR;SIN_INTENCION;seguimiento;deaf;question;A|B;polarity;SÍ|NO;JUEZ|INTÉRPRETE|NECESITAR;NO_SABER;;;;;;;;;ninguno: el cliente solo empareja nodos en modo C
n-s8-declaraciones_y_re-01;8;Declaraciones y respuestas frecuentes;1;Soy sordo y necesito intérprete.;YO · SORDO · INTÉRPRETE · NECESITAR;SIN_INTENCION;otro;deaf;statement;A|B|C;free_text;;YO|SORDO|INTÉRPRETE|NECESITAR;NO_SABER;;;;;;;;;modo C: reconoce el enunciado del funcionario y reordena la lista blanca
n-s8-declaraciones_y_re-02;8;Declaraciones y respuestas frecuentes;2;"Leo poco; prefiero LSB.";YO · LEER · POCO · LSB/INTÉRPRETE · MEJOR;SIN_INTENCION;otro;deaf;statement;A|B|C;free_text;;YO|LEER|POCO|INTÉRPRETE|MEJOR;NO_SABER;;;;;;;;;modo C: reconoce el enunciado del funcionario y reordena la lista blanca
n-s8-declaraciones_y_re-03;8;Declaraciones y respuestas frecuentes;3;Quiero presentar una denuncia.;PRESENTAR · [DENUNCIA] · QUERER;SIN_INTENCION;otro;deaf;statement;A|B|C;free_text;;PRESENTAR|QUERER;NO_SABER;;;;[DENUNCIA];;;;;modo C: reconoce el enunciado del funcionario y reordena la lista blanca
n-s8-declaraciones_y_re-04;8;Declaraciones y respuestas frecuentes;4;Quiero explicar lo que pasó desde el principio.;NARRAR · EMPEZAR · QUERER;SIN_INTENCION;otro;deaf;statement;A|B|C;free_text;;NARRAR|EMPEZAR|QUERER;NO_SABER;;;;;;;;;modo C: reconoce el enunciado del funcionario y reordena la lista blanca
n-s8-declaraciones_y_re-05;8;Declaraciones y respuestas frecuentes;5;Ayer por la tarde ocurrió.;AYER · TARDE;SIN_INTENCION;otro;deaf;statement;A|B|C;time;;AYER|TARDE;NO_SABER;;;;;;;;;modo C: reconoce el enunciado del funcionario y reordena la lista blanca
n-s8-declaraciones_y_re-06;8;Declaraciones y respuestas frecuentes;6;No recuerdo la hora exacta.;HORA · RECORDAR /neg/;SIN_INTENCION;otro;deaf;statement;A|B|C;free_text;;HORA|RECORDAR;NO_SABER;;;;;;;;;modo C: reconoce el enunciado del funcionario y reordena la lista blanca
n-s8-declaraciones_y_re-07;8;Declaraciones y respuestas frecuentes;7;Ocurrió en la calle cerca del mercado.;CALLE · MERCADO · CERCA;SIN_INTENCION;otro;deaf;statement;A|B|C;place;;CALLE|MERCADO|CERCA;NO_SABER;;;;;;;;;modo C: reconoce el enunciado del funcionario y reordena la lista blanca
n-s8-declaraciones_y_re-08;8;Declaraciones y respuestas frecuentes;8;No conozco a la persona.;ÉL/ELLA · CONOCER /neg/;SIN_INTENCION;otro;deaf;statement;A|B|C;person;;ÉL|CONOCER;NO_SABER;;CONOCER;;;opcion_fuera_de_ranura;;;;modo C: reconoce el enunciado del funcionario y reordena la lista blanca
n-s8-declaraciones_y_re-09;8;Declaraciones y respuestas frecuentes;9;Si la vuelvo a ver, puedo identificarla.;VOLVER · VER /cond/ · IDENTIFICAR · PUEDO;SIN_INTENCION;otro;deaf;statement;A|B|C;free_text;;VOLVER|VER|IDENTIFICAR|PUEDO;NO_SABER;;;;;;;;;modo C: reconoce el enunciado del funcionario y reordena la lista blanca
n-s8-declaraciones_y_re-10;8;Declaraciones y respuestas frecuentes;10;Vi a un hombre joven con mochila.;HOMBRE · JOVEN · MOCHILA · VER;SIN_INTENCION;otro;deaf;statement;A|B|C;person|object;;HOMBRE|JOVEN|MOCHILA|VER;NO_SABER;;VER;;;opcion_fuera_de_ranura;;;;modo C: reconoce el enunciado del funcionario y reordena la lista blanca
n-s8-declaraciones_y_re-11;8;Declaraciones y respuestas frecuentes;11;Me robaron el celular.;ROBAR · MÍO · CELULAR;SIN_INTENCION;otro;deaf;statement;A|B|C;object;;ROBAR|MÍO|CELULAR;NO_SABER;;ROBAR|MÍO;;;opcion_fuera_de_ranura;;;;modo C: reconoce el enunciado del funcionario y reordena la lista blanca
n-s8-declaraciones_y_re-12;8;Declaraciones y respuestas frecuentes;12;También perdí mi carnet.;PAPEL · IDENTIDAD · PERDER;SIN_INTENCION;otro;deaf;statement;A|B|C;free_text;;PAPEL|IDENTIDAD|PERDER;NO_SABER;;;;;;;;;modo C: reconoce el enunciado del funcionario y reordena la lista blanca
n-s8-declaraciones_y_re-13;8;Declaraciones y respuestas frecuentes;13;Tengo la factura del celular.;CELULAR · FACTURA · TENER;SIN_INTENCION;otro;deaf;statement;A|B|C;object|evidence;;CELULAR|FACTURA|TENER;NO_SABER;;TENER;;;opcion_fuera_de_ranura;;;;modo C: reconoce el enunciado del funcionario y reordena la lista blanca
n-s8-declaraciones_y_re-14;8;Declaraciones y respuestas frecuentes;14;Hay un testigo.;TESTIGO · TENER;SIN_INTENCION;otro;deaf;statement;A|B|C;person|evidence;;TESTIGO|TENER;NO_SABER;;TENER;;;opcion_fuera_de_ranura;;;;modo C: reconoce el enunciado del funcionario y reordena la lista blanca
n-s8-declaraciones_y_re-15;8;Declaraciones y respuestas frecuentes;15;El testigo vio todo.;TESTIGO · TOTAL · VER;SIN_INTENCION;otro;deaf;statement;A|B|C;person|evidence;;TESTIGO|TOTAL|VER;NO_SABER;;TOTAL|VER;;;opcion_fuera_de_ranura;;;;modo C: reconoce el enunciado del funcionario y reordena la lista blanca
n-s8-declaraciones_y_re-16;8;Declaraciones y respuestas frecuentes;16;Tengo fotos en mi celular.;FOTOS · CELULAR · TENER;SIN_INTENCION;otro;deaf;statement;A|B|C;object|evidence;;FOTOS|CELULAR|TENER;NO_SABER;;TENER;;;opcion_fuera_de_ranura;;;;modo C: reconoce el enunciado del funcionario y reordena la lista blanca
n-s8-declaraciones_y_re-17;8;Declaraciones y respuestas frecuentes;17;Tengo un video.;VIDEO · TENER;SIN_INTENCION;otro;deaf;statement;A|B|C;evidence;;VIDEO|TENER;NO_SABER;;TENER;;;opcion_fuera_de_ranura;;;;modo C: reconoce el enunciado del funcionario y reordena la lista blanca
n-s8-declaraciones_y_re-18;8;Declaraciones y respuestas frecuentes;18;Un hombre me pegó.;HOMBRE · YO · PEGAR;SIN_INTENCION;otro;deaf;statement;A|B|C;person;;HOMBRE|YO|PEGAR;NO_SABER;;PEGAR;;;opcion_fuera_de_ranura;;;;modo C: reconoce el enunciado del funcionario y reordena la lista blanca
n-s8-declaraciones_y_re-19;8;Declaraciones y respuestas frecuentes;19;Tengo una herida en el brazo.;BRAZO · HERIDA · TENER;SIN_INTENCION;otro;deaf;statement;A|B|C;free_text;;BRAZO|HERIDA|TENER;NO_SABER;;;;;;;;;modo C: reconoce el enunciado del funcionario y reordena la lista blanca
n-s8-declaraciones_y_re-20;8;Declaraciones y respuestas frecuentes;20;Fui al hospital.;HOSPITAL · IR;SIN_INTENCION;otro;deaf;statement;A|B|C;free_text;;HOSPITAL|IR;NO_SABER;;;;;;;;;modo C: reconoce el enunciado del funcionario y reordena la lista blanca
n-s8-declaraciones_y_re-21;8;Declaraciones y respuestas frecuentes;21;Tengo certificado del doctor.;DOCTOR · CERTIFICADO · TENER;SIN_INTENCION;otro;deaf;statement;A|B|C;evidence;;DOCTOR|CERTIFICADO|TENER;NO_SABER;;DOCTOR|TENER;;;opcion_fuera_de_ranura;;;;modo C: reconoce el enunciado del funcionario y reordena la lista blanca
n-s8-declaraciones_y_re-22;8;Declaraciones y respuestas frecuentes;22;Mi expareja me amenaza.;PAREJA · PASADO · ÉL/ELLA · YO · AMENAZAR;SIN_INTENCION;otro;deaf;statement;A|B|C;free_text;;PAREJA|PASADO|ÉL|YO|AMENAZAR;NO_SABER;;;;;;;;;modo C: reconoce el enunciado del funcionario y reordena la lista blanca
n-s8-declaraciones_y_re-23;8;Declaraciones y respuestas frecuentes;23;Tengo miedo de volver a mi casa.;MIEDO · CASA · VOLVER;SIN_INTENCION;otro;deaf;statement;A|B|C;free_text;;MIEDO|CASA|VOLVER;NO_SABER;;;;;;;;;modo C: reconoce el enunciado del funcionario y reordena la lista blanca
n-s8-declaraciones_y_re-24;8;Declaraciones y respuestas frecuentes;24;Necesito auxilio ahora.;AUXILIO · AHORA · NECESITAR;SIN_INTENCION;otro;deaf;statement;A|B|C;free_text;;AUXILIO|AHORA|NECESITAR;NO_SABER;;;;;;;;;modo C: reconoce el enunciado del funcionario y reordena la lista blanca
n-s8-declaraciones_y_re-25;8;Declaraciones y respuestas frecuentes;25;Guardé todos los mensajes.;ESCRIBIR · TOTAL · GUARDAR;SIN_INTENCION;otro;deaf;statement;A|B|C;free_text;;ESCRIBIR|TOTAL|GUARDAR;NO_SABER;;;;;;;;;modo C: reconoce el enunciado del funcionario y reordena la lista blanca
n-s8-declaraciones_y_re-26;8;Declaraciones y respuestas frecuentes;26;Tengo fotos de la pantalla.;FOTOS · CELULAR · TENER;SIN_INTENCION;otro;deaf;statement;A|B|C;evidence;;FOTOS|CELULAR|TENER;NO_SABER;;TENER;;;opcion_fuera_de_ranura;;;;modo C: reconoce el enunciado del funcionario y reordena la lista blanca
n-s8-declaraciones_y_re-27;8;Declaraciones y respuestas frecuentes;27;Me engañaron con dinero.;ENGAÑAR · DINERO/BILLETES;SIN_INTENCION;otro;deaf;statement;A|B|C;object;;ENGAÑAR|BILLETES;NO_SABER;;ENGAÑAR;;;opcion_fuera_de_ranura;;;;modo C: reconoce el enunciado del funcionario y reordena la lista blanca
n-s8-declaraciones_y_re-28;8;Declaraciones y respuestas frecuentes;28;Envié dinero por el banco.;BANCO · BILLETES · ENVIAR;SIN_INTENCION;otro;deaf;statement;A|B|C;object;;BANCO|BILLETES|ENVIAR;NO_SABER;;BANCO|ENVIAR;;;opcion_fuera_de_ranura;;;;modo C: reconoce el enunciado del funcionario y reordena la lista blanca
n-s8-declaraciones_y_re-29;8;Declaraciones y respuestas frecuentes;29;Tengo el papel del banco.;PAPEL · BANCO · TENER;SIN_INTENCION;otro;deaf;statement;A|B|C;free_text;;PAPEL|BANCO|TENER;NO_SABER;;;;;;;;;modo C: reconoce el enunciado del funcionario y reordena la lista blanca
n-s8-declaraciones_y_re-30;8;Declaraciones y respuestas frecuentes;30;Dañaron la puerta de mi tienda.;TIENDA · PUERTA · DAÑAR;SIN_INTENCION;otro;deaf;statement;A|B|C;free_text;;TIENDA|PUERTA|DAÑAR;NO_SABER;;;;;;;;;modo C: reconoce el enunciado del funcionario y reordena la lista blanca
n-s8-declaraciones_y_re-31;8;Declaraciones y respuestas frecuentes;31;Tengo el video de la cámara.;VIDEO · FILMAR · TENER;SIN_INTENCION;otro;deaf;statement;A|B|C;evidence;;VIDEO|FILMAR|TENER;NO_SABER;;FILMAR|TENER;;;opcion_fuera_de_ranura;;;;modo C: reconoce el enunciado del funcionario y reordena la lista blanca
n-s8-declaraciones_y_re-32;8;Declaraciones y respuestas frecuentes;32;Vi lo ocurrido y puedo dar testimonio.;OBSERVAR · TESTIMONIO · PUEDO;SIN_INTENCION;otro;deaf;statement;A|B|C;free_text;;OBSERVAR|TESTIMONIO|PUEDO;NO_SABER;;;;;;;;;modo C: reconoce el enunciado del funcionario y reordena la lista blanca
n-s8-declaraciones_y_re-33;8;Declaraciones y respuestas frecuentes;33;Quiero agregar información.;AUMENTAR · NARRAR · QUERER;SIN_INTENCION;otro;deaf;statement;A|B|C;free_text;;AUMENTAR|NARRAR|QUERER;NO_SABER;;;;;;;;;modo C: reconoce el enunciado del funcionario y reordena la lista blanca
n-s8-declaraciones_y_re-34;8;Declaraciones y respuestas frecuentes;34;Aquí hay un error en mi nombre.;AQUÍ · NOMBRE · MAL;SIN_INTENCION;otro;deaf;statement;A|B|C;free_text;;AQUÍ|NOMBRE|MAL;NO_SABER;;;;;;;;;modo C: reconoce el enunciado del funcionario y reordena la lista blanca
n-s8-declaraciones_y_re-35;8;Declaraciones y respuestas frecuentes;35;Quiero leer antes de escribir mi nombre.;LEER · NOMBRE · ESCRIBIR · QUERER;SIN_INTENCION;otro;deaf;statement;A|B|C;time;;LEER|NOMBRE|ESCRIBIR|QUERER;NO_SABER;;LEER|ESCRIBIR|QUERER;;;opcion_fuera_de_ranura;;;;modo C: reconoce el enunciado del funcionario y reordena la lista blanca
n-s8-declaraciones_y_re-36;8;Declaraciones y respuestas frecuentes;36;Prefiero recibir mensajes escritos.;ESCRIBIR · ENVIAR · MEJOR;SIN_INTENCION;otro;deaf;statement;A|B|C;free_text;;ESCRIBIR|ENVIAR|MEJOR;NO_SABER;;;;;;;;;modo C: reconoce el enunciado del funcionario y reordena la lista blanca
n-s8-declaraciones_y_re-37;8;Declaraciones y respuestas frecuentes;37;Cambié de dirección.;DIRECCIÓN · CAMBIAR;SIN_INTENCION;otro;deaf;statement;A|B|C;place;;DIRECCIÓN|CAMBIAR;NO_SABER;;CAMBIAR;;;opcion_fuera_de_ranura;;;;modo C: reconoce el enunciado del funcionario y reordena la lista blanca
n-s8-declaraciones_y_re-38;8;Declaraciones y respuestas frecuentes;38;Cambié de número de celular.;CELULAR · NÚM(...) · CAMBIAR;SIN_INTENCION;otro;deaf;statement;A|B|C;object;;CELULAR|CAMBIAR;NO_SABER;;CAMBIAR;;NÚM(...);opcion_fuera_de_ranura;;;;modo C: reconoce el enunciado del funcionario y reordena la lista blanca
n-s8-declaraciones_y_re-39;8;Declaraciones y respuestas frecuentes;39;Quiero saber si la investigación continúa.;INVESTIGACIÓN · CONTINUAR · SABER · QUERER;SIN_INTENCION;otro;deaf;statement;A|B|C;free_text;;INVESTIGACIÓN|CONTINUAR|SABER|QUERER;NO_SABER;;;;;;;;;modo C: reconoce el enunciado del funcionario y reordena la lista blanca
n-s8-declaraciones_y_re-40;8;Declaraciones y respuestas frecuentes;40;Necesito un abogado.;ABOGADO · NECESITAR;SIN_INTENCION;otro;deaf;statement;A|B|C;free_text;;ABOGADO|NECESITAR;NO_SABER;;;;;;;;;modo C: reconoce el enunciado del funcionario y reordena la lista blanca
n-s8-declaraciones_y_re-41;8;Declaraciones y respuestas frecuentes;41;No tengo dinero para un abogado.;ABOGADO · BILLETES · TENER /neg/;SIN_INTENCION;otro;deaf;statement;A|B|C;object;;ABOGADO|BILLETES|TENER;NO_SABER;;ABOGADO|TENER;;;opcion_fuera_de_ranura;;;;modo C: reconoce el enunciado del funcionario y reordena la lista blanca
n-s8-declaraciones_y_re-42;8;Declaraciones y respuestas frecuentes;42;Quiero asistencia de SEPDAVI.;ASISTENCIA · d(SEPDAVI) · QUERER;SIN_INTENCION;otro;deaf;statement;A|B|C;institution;;ASISTENCIA|QUERER;NO_SABER;;ASISTENCIA|QUERER;;d(SEPDAVI);opcion_fuera_de_ranura;;;;modo C: reconoce el enunciado del funcionario y reordena la lista blanca
n-s8-declaraciones_y_re-43;8;Declaraciones y respuestas frecuentes;43;Necesito defensa pública.;d(SEPDEP) · ABOGADO · NECESITAR;SIN_INTENCION;otro;deaf;statement;A|B|C;free_text;;ABOGADO|NECESITAR;NO_SABER;;;;d(SEPDEP);;;;;modo C: reconoce el enunciado del funcionario y reordena la lista blanca
n-s8-declaraciones_y_re-44;8;Declaraciones y respuestas frecuentes;44;Me dijeron que debo ir a la Fiscalía.;d(FISCALÍA) · IR · NECESITAR;SIN_INTENCION;otro;deaf;statement;A|B|C;institution;;IR|NECESITAR;NO_SABER;;IR|NECESITAR;;d(FISCALÍA);opcion_fuera_de_ranura;;;;modo C: reconoce el enunciado del funcionario y reordena la lista blanca
n-s8-declaraciones_y_re-45;8;Declaraciones y respuestas frecuentes;45;Recibí una resolución.;RESOLUCIÓN · RECIBIR;SIN_INTENCION;otro;deaf;statement;A|B|C;free_text;;RESOLUCIÓN|RECIBIR;NO_SABER;;;;;;;;;modo C: reconoce el enunciado del funcionario y reordena la lista blanca
n-s8-declaraciones_y_re-46;8;Declaraciones y respuestas frecuentes;46;Tengo que presentarme ante un juez.;JUEZ · PRESENTAR · NECESITAR;SIN_INTENCION;otro;deaf;statement;A|B|C;free_text;;JUEZ|PRESENTAR|NECESITAR;NO_SABER;;;;;;;;;modo C: reconoce el enunciado del funcionario y reordena la lista blanca
n-s8-declaraciones_y_re-47;8;Declaraciones y respuestas frecuentes;47;Necesito intérprete para hablar con el juez.;JUEZ · INTÉRPRETE · NECESITAR;SIN_INTENCION;otro;deaf;statement;A|B|C;free_text;;JUEZ|INTÉRPRETE|NECESITAR;NO_SABER;;;;;;;;;modo C: reconoce el enunciado del funcionario y reordena la lista blanca
n-s8-declaraciones_y_re-48;8;Declaraciones y respuestas frecuentes;48;No entiendo este papel.;PAPEL · COMPRENDER /neg/;SIN_INTENCION;otro;deaf;statement;A|B|C;free_text;;PAPEL|COMPRENDER;NO_SABER;;;;;;;;;modo C: reconoce el enunciado del funcionario y reordena la lista blanca
n-s8-declaraciones_y_re-49;8;Declaraciones y respuestas frecuentes;49;Explíqueme despacio, por favor.;LENTO · EXPLICAR · POR-FAVOR;SIN_INTENCION;otro;deaf;statement;A|B|C;free_text;;LENTO|EXPLICAR|POR_FAVOR;NO_SABER;;;;;;;;;modo C: reconoce el enunciado del funcionario y reordena la lista blanca
n-s8-declaraciones_y_re-50;8;Declaraciones y respuestas frecuentes;50;Ahora sí entiendo.;AHORA · COMPRENDER;SIN_INTENCION;otro;deaf;statement;A|B|C;free_text;;AHORA|COMPRENDER;NO_SABER;;;;;;;;;modo C: reconoce el enunciado del funcionario y reordena la lista blanca
n-s8-declaraciones_y_re-51;8;Declaraciones y respuestas frecuentes;51;Gracias por su ayuda.;AYUDAR · GRACIAS;SIN_INTENCION;otro;deaf;statement;A|B|C;free_text;;AYUDAR|GRACIAS;NO_SABER;;;;;;;;;modo C: reconoce el enunciado del funcionario y reordena la lista blanca
