Glosa,En Text to LSB,En LSB to Text (Audio),Parte del Corpus Oficial LSB,Tiene Animación 3D
0,Sí,No,No,No
1,Sí,No,No,No
2,Sí,No,No,No
3,Sí,No,No,No
4,Sí,No,No,No
5,Sí,No,No,No
6,Sí,No,No,No
7,Sí,No,No,No
8,Sí,No,No,No
9,Sí,No,No,No
A,Sí,No,Sí,Sí
ABOGADO,Sí,Sí,Sí,No
ABUSAR,Sí,Sí,Sí,No
ACCIDENTE,Sí,Sí,Sí,No
ACEPTAR,Sí,Sí,Sí,No
ACLARAR,Sí,Sí,No,No
ACOMPANAR,Sí,Sí,Sí,No
ACUERDO_SOCIAL,Sí,Sí,Sí,No
AEROPUERTO,Sí,Sí,Sí,No
AHORA,Sí,Sí,Sí,No
ALCALDIA,Sí,Sí,Sí,No
AMARILLO,Sí,Sí,Sí,No
AMENAZAR,Sí,Sí,Sí,No
ANEXO,Sí,Sí,No,No
ANO,Sí,Sí,Sí,No
ANOS_EDAD,Sí,Sí,No,No
ANOTAR,Sí,Sí,Sí,No
ANTEAYER,Sí,Sí,Sí,No
ANTERIORMENTE,Sí,Sí,No,No
APELLIDO,Sí,Sí,No,No
ARRESTAR,Sí,Sí,Sí,No
ARTICULO,Sí,Sí,Sí,No
ASISTENCIA,Sí,Sí,Sí,No
ASISTENTE,Sí,Sí,Sí,No
ATENDER,Sí,Sí,Sí,No
AUDIENCIA,Sí,Sí,No,No
AUTO,Sí,Sí,Sí,No
AUTORIDAD,Sí,Sí,Sí,No
AUXILIO,Sí,Sí,Sí,No
AVANCE,Sí,Sí,No,No
AVENIDA,Sí,Sí,Sí,No
AVISAR,Sí,Sí,Sí,No
AYER,Sí,Sí,Sí,No
AYUDAR,Sí,Sí,Sí,No
AZUL,Sí,Sí,Sí,No
B,Sí,No,Sí,Sí
BICICLETA,Sí,Sí,Sí,No
BILLETERA,Sí,Sí,No,No
BLANCO,Sí,Sí,Sí,No
C,Sí,No,Sí,Sí
CAFE,Sí,Sí,Sí,No
CALLE,Sí,Sí,Sí,No
CAMARA,Sí,Sí,No,No
CARCEL,Sí,Sí,Sí,No
CARNET,Sí,Sí,No,No
CARTA,Sí,Sí,Sí,No
CASA,Sí,Sí,Sí,No
CASO,Sí,Sí,No,No
CELESTE,Sí,Sí,Sí,No
CENTRO_DE_SALUD,Sí,Sí,No,No
CERTIFICADO,Sí,Sí,No,No
CITACION,Sí,Sí,No,No
COCHABAMBA,Sí,Sí,Sí,No
CODIGO,Sí,Sí,No,No
COMO,Sí,Sí,Sí,No
COMPRENDER,Sí,Sí,Sí,No
COMPROBANTE,Sí,Sí,No,No
CONFESAR,Sí,Sí,Sí,No
CONFIANZA,Sí,Sí,Sí,No
CONFIRMACION,Sí,Sí,Sí,No
CONFUSION,Sí,Sí,Sí,No
CONOCER,Sí,Sí,No,No
CONSTANCIA,Sí,Sí,No,No
CONTEXTO,Sí,Sí,Sí,No
COORDINADOR,Sí,Sí,Sí,No
COORDINAR,Sí,Sí,Sí,No
COPIAR,Sí,Sí,Sí,No
CORRECTO,Sí,Sí,Sí,No
CORREGIR,Sí,Sí,No,No
CORRER,Sí,Sí,Sí,No
CORRUPTO,Sí,Sí,Sí,No
CRISIS,Sí,Sí,Sí,No
CUAL,Sí,Sí,Sí,No
CUANDO,Sí,Sí,Sí,No
CUANTOS,Sí,Sí,Sí,No
CUENTA,Sí,Sí,No,No
CUMPLIR,Sí,Sí,Sí,No
D,Sí,No,Sí,Sí
DANAR,Sí,Sí,Sí,No
DECIDIR,Sí,Sí,Sí,No
DEFENSA_PUBLICA,Sí,Sí,No,No
DELGADO,Sí,Sí,Sí,No
DENUNCIAR,Sí,Sí,No,No
DEPARTAMENTO,Sí,Sí,No,No
DESCONOCER,Sí,Sí,No,No
DESPACHO,Sí,Sí,No,No
DIA,Sí,Sí,Sí,No
DINERO,Sí,Sí,Sí,No
DIRECCION,Sí,Sí,Sí,No
DISCRIMINACION,Sí,Sí,Sí,No
DOCTOR,Sí,Sí,Sí,No
DONDE,Sí,Sí,Sí,No
E,Sí,No,Sí,Sí
EDAD,Sí,Sí,No,No
EL,Sí,Sí,Sí,No
ELLA,Sí,Sí,Sí,No
ELLOS,Sí,Sí,Sí,No
ENFERMERA,Sí,Sí,Sí,No
ENTREGAR,Sí,Sí,No,No
ESCRIBIR,Sí,Sí,Sí,No
ESTADO,Sí,Sí,Sí,No
ESTOY_BIEN,Sí,Sí,Sí,No
EXIGIR,Sí,Sí,Sí,No
EXPAREJA,Sí,Sí,No,No
EXPEDIENTE,Sí,Sí,No,No
F,Sí,No,Sí,Sí
FALTA,Sí,Sí,Sí,No
FAMILIAR,Sí,Sí,No,No
FARMACIA,Sí,Sí,Sí,No
FECHA,Sí,Sí,Sí,No
FELCC,Sí,Sí,No,No
FELCV,Sí,Sí,No,No
FISCAL,Sí,Sí,Sí,No
FISCALIA,Sí,Sí,No,No
FORMATO,Sí,Sí,No,No
FORMULARIO,Sí,Sí,Sí,No
FOTOCOPIA,Sí,Sí,Sí,No
FOTOGRAFIA,Sí,Sí,No,No
G,Sí,No,Sí,Sí
GESTIONAR,Sí,Sí,Sí,No
GRACIAS,Sí,Sí,Sí,Sí
GRUESO,Sí,Sí,Sí,No
H,Sí,No,Sí,Sí
HABLAR,Sí,Sí,Sí,No
HERIDA,Sí,Sí,Sí,No
HOJA,Sí,Sí,No,No
HOLA,Sí,Sí,Sí,Sí
HOMBRE,Sí,Sí,Sí,No
HORA,Sí,Sí,Sí,No
HOSPITAL,Sí,Sí,Sí,No
HOY,Sí,Sí,Sí,No
I,Sí,No,Sí,Sí
IDENTIDAD,Sí,Sí,Sí,No
IDENTIFICAR,Sí,Sí,Sí,No
IMPRIMIR,Sí,Sí,No,No
INOCENTE,Sí,Sí,Sí,No
INSTITUCION,Sí,Sí,Sí,No
INTERPRETE,Sí,Sí,Sí,No
INVESTIGACION,Sí,Sí,Sí,No
J,Sí,No,Sí,Sí
JUEZ,Sí,Sí,Sí,No
JUICIO,Sí,Sí,Sí,No
JURAR,Sí,Sí,Sí,No
JUSTICIA,Sí,Sí,Sí,No
JUZGADO,Sí,Sí,No,No
K,Sí,No,Sí,Sí
L,Sí,No,Sí,Sí
LADRON,Sí,Sí,Sí,No
LEY,Sí,Sí,Sí,No
LICENCIA,Sí,Sí,Sí,No
LICENCIA_DECONDUCIR,Sí,Sí,No,No
LILA,Sí,Sí,Sí,No
LO_SIENTO,Sí,Sí,Sí,No
M,Sí,No,Sí,Sí
MAL,Sí,Sí,Sí,No
MALTRATAR,Sí,Sí,Sí,No
MANANA,Sí,Sí,Sí,No
MAS_O_MENOS,Sí,Sí,Sí,No
MEMORIAL,Sí,Sí,No,No
MENSAJE,Sí,Sí,No,No
MERCADO,Sí,Sí,Sí,No
MES,Sí,Sí,Sí,No
MICRO,Sí,Sí,Sí,No
MIEDO,Sí,Sí,No,No
MILITAR,Sí,Sí,Sí,No
MINISTERIO,Sí,Sí,Sí,No
MINUTO,Sí,Sí,Sí,No
MOCHILA,Sí,Sí,Sí,No
MOSTRAR,Sí,Sí,Sí,No
MOTOCICLETA,Sí,Sí,Sí,No
MUJER,Sí,Sí,Sí,No
N,Sí,No,Sí,Sí
NARANJA,Sí,Sí,Sí,No
NARRAR,Sí,Sí,Sí,No
NEGRO,Sí,Sí,Sí,No
NO,Sí,Sí,Sí,Sí
NOMBRE,Sí,Sí,Sí,No
NORMA,Sí,Sí,Sí,No
NOSOTROS,Sí,Sí,Sí,No
NOTIFICACION,Sí,Sí,No,No
NO_ENTIENDO,Sí,Sí,No,No
NO_PUEDO,Sí,Sí,Sí,No
NO_RECUERDO,Sí,Sí,No,No
NO_SABER,Sí,Sí,Sí,No
NUREJ,Sí,Sí,No,No
O,Sí,No,Sí,Sí
OBSERVACION,Sí,Sí,No,No
OBSERVAR,Sí,Sí,Sí,No
OFICIAL,Sí,Sí,Sí,No
OFICINA,Sí,Sí,No,No
ORGANO_JUDICIAL,Sí,Sí,Sí,No
P,Sí,No,Sí,Sí
PAGAR,Sí,Sí,No,No
PAPEL,Sí,Sí,Sí,No
PARADA,Sí,Sí,No,No
PARAR,Sí,Sí,Sí,No
PARA_QUE,Sí,Sí,Sí,No
PAREJA,Sí,Sí,No,No
PASADO_MANANA,Sí,Sí,Sí,No
PASAPORTE,Sí,Sí,Sí,No
PEDIR,Sí,Sí,Sí,No
PELIGROSO,Sí,Sí,Sí,No
PERDER,Sí,Sí,No,No
PERMISO,Sí,Sí,Sí,Sí
PISO,Sí,Sí,No,No
PLAZA,Sí,Sí,Sí,No
PODER,Sí,Sí,Sí,No
POLICIA,Sí,Sí,Sí,No
POR_FAVOR,Sí,Sí,Sí,No
POR_QUE,Sí,Sí,Sí,No
PRESENTAR,Sí,Sí,Sí,No
PRESO,Sí,Sí,Sí,No
PRIMERA_VEZ,Sí,Sí,No,No
PROBLEMA,Sí,Sí,Sí,No
PRODUCTO,Sí,Sí,No,No
PROTEGER,Sí,Sí,Sí,No
PUEDE_REPETIR,Sí,Sí,No,No
PUEDO,Sí,Sí,Sí,No
Q,Sí,No,Sí,Sí
QUE,Sí,Sí,Sí,No
QUEJAR,Sí,Sí,Sí,No
QUIEN,Sí,Sí,Sí,No
R,Sí,No,Sí,Sí
RAZON,Sí,Sí,Sí,No
RECHAZAR,Sí,Sí,Sí,No
RECOGER,Sí,Sí,Sí,No
RECONOCER,Sí,Sí,Sí,No
RECORDAR,Sí,Sí,No,No
REGLAMENTO,Sí,Sí,Sí,No
REQUISITO,Sí,Sí,No,No
RESOLUCION,Sí,Sí,Sí,No
RESPALDO,Sí,Sí,No,No
RESPONDER,Sí,Sí,Sí,No
ROBAR,Sí,Sí,Sí,No
ROJO,Sí,Sí,Sí,No
ROSADO,Sí,Sí,Sí,No
S,Sí,No,Sí,Sí
SABER,Sí,Sí,Sí,No
SALVAR,Sí,Sí,Sí,No
SEGUIMIENTO,Sí,Sí,No,No
SEGUNDO,Sí,Sí,Sí,No
SEGURO,Sí,Sí,No,No
SELLO,Sí,Sí,Sí,No
SEMANA,Sí,Sí,Sí,No
SEPAV,Sí,Sí,No,No
SI,Sí,Sí,Sí,Sí
SITUACION,Sí,Sí,Sí,No
SOBORNO,Sí,Sí,Sí,No
SOLDADO,Sí,Sí,Sí,No
SOLUCIONAR,Sí,Sí,Sí,No
SOSPECHA,Sí,Sí,No,No
SUBSANACION,Sí,Sí,No,No
T,Sí,No,Sí,Sí
TAXI,Sí,Sí,Sí,No
TELEFONO,Sí,Sí,Sí,No
TEMOR,Sí,Sí,Sí,No
TESTIGO,Sí,Sí,Sí,No
TESTIMONIO,Sí,Sí,Sí,No
TEXTO,Sí,Sí,Sí,No
TITULO,Sí,Sí,Sí,No
TRAMITE,Sí,Sí,Sí,No
TRATAR,Sí,Sí,Sí,No
TREN,Sí,Sí,Sí,No
TRIBUNAL,Sí,Sí,No,No
TRUFI,Sí,Sí,Sí,No
TU,Sí,Sí,Sí,No
U,Sí,No,Sí,Sí
UBICACION_GPS,Sí,Sí,Sí,No
USTEDES,Sí,Sí,Sí,No
V,Sí,No,Sí,Sí
VARIAS_VECES,Sí,Sí,No,No
VECINO,Sí,Sí,Sí,No
VENTANILLA,Sí,Sí,No,No
VERDE,Sí,Sí,Sí,No
VERGUENZA,Sí,Sí,Sí,No
VIDEOLLAMADA,Sí,Sí,Sí,No
VIOLACION,Sí,Sí,Sí,No
VIOLENCIA,Sí,Sí,Sí,No
VOLVER,Sí,Sí,No,No
W,Sí,No,Sí,Sí
WEBID,Sí,Sí,No,No
WHATSAPP,Sí,Sí,Sí,No
X,Sí,No,Sí,Sí
Y,Sí,No,Sí,Sí
YO,Sí,Sí,Sí,No
Z,Sí,No,Sí,Sí
Ñ,Sí,No,Sí,Sí
