questionId;espanol;formulationGlosses;secuenciaCorpus;todasEnCorpusV4;estadoGramatica;evidencia;problema;propuesta;noManuales;requiereValidacionHumana;validadoPor
I.PREG.CUANDO;¿Qué quiere saber cuándo?;;;sí;GRAMMAR_PENDING;ninguna;"sin secuencia LSB en ninguna fuente del repositorio; la formulación solo existe en español";ninguna: no hay evidencia para cambiar la secuencia;desconocidos;proponer la secuencia completa con una persona señante: no hay fuente en el repositorio;
I.PREG.CUANTO;¿Qué quiere saber cuánto?;;;sí;GRAMMAR_PENDING;ninguna;"sin secuencia LSB en ninguna fuente del repositorio; la formulación solo existe en español";ninguna: no hay evidencia para cambiar la secuencia;desconocidos;proponer la secuencia completa con una persona señante: no hay fuente en el repositorio;
I.PREG.DONDE_QUEDA;¿Dónde queda…?;;;sí;GRAMMAR_PENDING;ninguna;"sin secuencia LSB en ninguna fuente del repositorio; la formulación solo existe en español";ninguna: no hay evidencia para cambiar la secuencia;desconocidos;proponer la secuencia completa con una persona señante: no hay fuente en el repositorio;
I.PREG.ELEGIR;¿Qué quieres preguntar?;;;sí;GRAMMAR_PENDING;ninguna;"sin secuencia LSB en ninguna fuente del repositorio; la formulación solo existe en español";ninguna: no hay evidencia para cambiar la secuencia;desconocidos;proponer la secuencia completa con una persona señante: no hay fuente en el repositorio;
I.PREG.HABLAR_CON;¿Con quién quiere hablar?;;;sí;GRAMMAR_PENDING;ninguna;"sin secuencia LSB en ninguna fuente del repositorio; la formulación solo existe en español";ninguna: no hay evidencia para cambiar la secuencia;desconocidos;proponer la secuencia completa con una persona señante: no hay fuente en el repositorio;
I.PREG.SOBRE_TEMA;¿Sobre qué quiere preguntar?;;;sí;GRAMMAR_PENDING;ninguna;"sin secuencia LSB en ninguna fuente del repositorio; la formulación solo existe en español";ninguna: no hay evidencia para cambiar la secuencia;desconocidos;proponer la secuencia completa con una persona señante: no hay fuente en el repositorio;
Q.ACC.COMPRENSION;¿Comprende lo que le estoy explicando?;TÚ|COMPRENDER|EXPLICAR;TÚ · COMPRENDER · EXPLICAR;sí;GRAMMAR_PROVISIONAL;corpus §6 «¿Comprende lo que le estoy explicando?» (nota: Directo);;ninguna: no hay evidencia para cambiar la secuencia;requeridos y no modelados: la secuencia no marca la pregunta;confirmar el orden TÚ · COMPRENDER · EXPLICAR como formulación natural de la pregunta (el corpus §6 no fija la sintaxis)|confirmar cómo se marca la pregunta disyuntiva («… o …»): la secuencia no marca ni la disyunción ni la pregunta|confirmar si TÚ explícito es necesario o se expresa por dirección/mirada;
Q.ACC.ESCRITO;¿Prefiere que le escriba en papel?;ESCRIBIR|PAPEL|MEJOR;ESCRIBIR · PAPEL · MEJOR;sí;GRAMMAR_PROVISIONAL;corpus §6 «¿Prefiere que le escriba en papel?» (nota: Directo);;ninguna: no hay evidencia para cambiar la secuencia;requeridos y no modelados: la secuencia no marca la pregunta;confirmar el orden ESCRIBIR · PAPEL · MEJOR como formulación natural de la pregunta (el corpus §6 no fija la sintaxis)|confirmar si la pregunta sí/no requiere marcador no manual: la secuencia no distingue pregunta de afirmación;
Q.ACC.INTERPRETE;¿Necesita un intérprete de LSB?;INTÉRPRETE|NECESITAR;INTÉRPRETE · NECESITAR;sí;GRAMMAR_PROVISIONAL;corpus §6 «¿Necesita un intérprete de LSB?» (nota: Directo);;ninguna: no hay evidencia para cambiar la secuencia;requeridos y no modelados: la secuencia no marca la pregunta;confirmar el orden INTÉRPRETE · NECESITAR como formulación natural de la pregunta (el corpus §6 no fija la sintaxis)|confirmar si la pregunta sí/no requiere marcador no manual: la secuencia no distingue pregunta de afirmación;
Q.ACC.LECTURA;¿Puede leer este texto?;TÚ|LEER|PUEDO;TÚ · LEER · PUEDO · TEXTO;sí;LEXICAL_GAP;corpus §6 «¿Puede leer este texto?» (nota: Directo);TEXTO: no está en el corpus v4;ninguna: no hay evidencia para cambiar la secuencia;requeridos y no modelados: la secuencia no marca la pregunta;confirmar el orden TÚ · LEER · PUEDO · TEXTO como formulación natural de la pregunta (el corpus §6 no fija la sintaxis)|confirmar cómo se marca la pregunta disyuntiva («… o …»): la secuencia no marca ni la disyunción ni la pregunta|confirmar si TÚ explícito es necesario o se expresa por dirección/mirada|confirmar cómo expresar TEXTO sin una seña fuera del corpus v4 (no se añade al corpus);
Q.ACC.REPARACION;¿Quiere que lo explique otra vez y más despacio?;VOLVER|EXPLICAR|LENTO|QUERER;VOLVER · EXPLICAR · LENTO · QUERER;sí;GRAMMAR_PROVISIONAL;corpus §6 «¿Quiere que lo explique otra vez y más despacio?» (nota: Directo);;ninguna: no hay evidencia para cambiar la secuencia;requeridos y no modelados: la secuencia no marca la pregunta;confirmar el orden VOLVER · EXPLICAR · LENTO · QUERER como formulación natural de la pregunta (el corpus §6 no fija la sintaxis)|confirmar si la pregunta sí/no requiere marcador no manual: la secuencia no distingue pregunta de afirmación;
Q.ACC.SORDO;¿Usted es una persona sorda?;TÚ|SORDO;TÚ · SORDO;sí;GRAMMAR_PROVISIONAL;corpus §6 «¿Usted es una persona sorda?» (nota: Directo);;ninguna: no hay evidencia para cambiar la secuencia;requeridos y no modelados: la secuencia no marca la pregunta;confirmar el orden TÚ · SORDO como formulación natural de la pregunta (el corpus §6 no fija la sintaxis)|confirmar si la pregunta sí/no requiere marcador no manual: la secuencia no distingue pregunta de afirmación|confirmar si TÚ explícito es necesario o se expresa por dirección/mirada;
Q.APO.TIPO;¿Qué apoyo necesita?;;;sí;GRAMMAR_PENDING;ninguna;"sin secuencia LSB en ninguna fuente del repositorio; la formulación solo existe en español";ninguna: no hay evidencia para cambiar la secuencia;desconocidos;proponer la secuencia completa con una persona señante: no hay fuente en el repositorio;
Q.DAN.QUE;¿Qué dañaron?;;;sí;GRAMMAR_PENDING;ninguna;"sin secuencia LSB en ninguna fuente del repositorio; la formulación solo existe en español";ninguna: no hay evidencia para cambiar la secuencia;desconocidos;proponer la secuencia completa con una persona señante: no hay fuente en el repositorio;
Q.DEN.AUTORIDAD;¿Ante qué institución quiere presentarla?;;;sí;GRAMMAR_PENDING;ninguna;"sin secuencia LSB en ninguna fuente del repositorio; la formulación solo existe en español";ninguna: no hay evidencia para cambiar la secuencia;desconocidos;proponer la secuencia completa con una persona señante: no hay fuente en el repositorio;
Q.DEN.INTENCION;¿Desea presentar una denuncia?;PRESENTAR;PRESENTAR · [DENUNCIA];sí;LEXICAL_GAP;"corpus §6 «¿Desea presentar una denuncia?» (nota: DENUNCIA es concepto pendiente; no crear seña directa)";[DENUNCIA]: concepto sin seña directa según el corpus (§4);ninguna: no hay evidencia para cambiar la secuencia;requeridos y no modelados: la secuencia no marca la pregunta;confirmar el orden PRESENTAR · [DENUNCIA] como formulación natural de la pregunta (el corpus §6 no fija la sintaxis)|confirmar si la pregunta sí/no requiere marcador no manual: la secuencia no distingue pregunta de afirmación|confirmar cómo expresar [DENUNCIA] sin una seña fuera del corpus v4 (no se añade al corpus);
Q.DIG.CANAL;¿Por dónde le llegaron los mensajes?;;;sí;GRAMMAR_PENDING;ninguna;"sin secuencia LSB en ninguna fuente del repositorio; la formulación solo existe en español";ninguna: no hay evidencia para cambiar la secuencia;desconocidos;proponer la secuencia completa con una persona señante: no hay fuente en el repositorio;
Q.DIG.CANT_NUMEROS;¿Son uno o varios números?;CELULAR|CUÁNTOS;CELULAR · NÚM(...) · ¿CUÁNTOS?;sí;GRAMMAR_PROVISIONAL;corpus §6 «¿Son uno o varios números?» (nota: Directo);;ninguna: no hay evidencia para cambiar la secuencia;desconocidos: ¿requiere marcador no manual de pregunta QU-?;confirmar el orden CELULAR · NÚM(...) · ¿CUÁNTOS? como formulación natural de la pregunta (el corpus §6 no fija la sintaxis)|confirmar la posición final de ¿CUÁNTOS? en esta construcción;
Q.DIG.CAPTURAS;¿Tiene fotos de la pantalla?;FOTOS|CELULAR|TENER;FOTOS · CELULAR · TENER;sí;GRAMMAR_PROVISIONAL;corpus §6 «¿Tiene fotos de la pantalla?» (nota: Directo);;ninguna: no hay evidencia para cambiar la secuencia;requeridos y no modelados: la secuencia no marca la pregunta;confirmar el orden FOTOS · CELULAR · TENER como formulación natural de la pregunta (el corpus §6 no fija la sintaxis)|confirmar si la pregunta sí/no requiere marcador no manual: la secuencia no distingue pregunta de afirmación;
Q.DIG.CONTENIDO;¿Qué decían los mensajes?;;;sí;GRAMMAR_PENDING;ninguna;"sin secuencia LSB en ninguna fuente del repositorio; la formulación solo existe en español";ninguna: no hay evidencia para cambiar la secuencia;desconocidos;proponer la secuencia completa con una persona señante: no hay fuente en el repositorio;
Q.DIG.CONTINUA;¿Sigue recibiendo mensajes?;AÚN|RECIBIR|ESCRIBIR;AÚN · RECIBIR · ESCRIBIR;sí;GRAMMAR_PROVISIONAL;corpus §6 «¿Sigue recibiendo mensajes?» (nota: Directo);;ninguna: no hay evidencia para cambiar la secuencia;requeridos y no modelados: la secuencia no marca la pregunta;confirmar el orden AÚN · RECIBIR · ESCRIBIR como formulación natural de la pregunta (el corpus §6 no fija la sintaxis)|confirmar si la pregunta sí/no requiere marcador no manual: la secuencia no distingue pregunta de afirmación|confirmar la posición de la expresión temporal AÚN;
Q.DIG.GUARDO;¿Guardó los mensajes?;ESCRIBIR|GUARDAR;ESCRIBIR · GUARDAR;sí;GRAMMAR_PROVISIONAL;corpus §6 «¿Guardó los mensajes?» (nota: Directo);;ninguna: no hay evidencia para cambiar la secuencia;requeridos y no modelados: la secuencia no marca la pregunta;confirmar el orden ESCRIBIR · GUARDAR como formulación natural de la pregunta (el corpus §6 no fija la sintaxis)|confirmar si la pregunta sí/no requiere marcador no manual: la secuencia no distingue pregunta de afirmación;
Q.DIG.MOSTRAR;¿Puede mostrar el celular ahora?;CELULAR|AHORA|MOSTRAR|PUEDO;CELULAR · AHORA · MOSTRAR · PUEDO;sí;GRAMMAR_PROVISIONAL;corpus §6 «¿Puede mostrar el celular ahora?» (nota: Directo);;ninguna: no hay evidencia para cambiar la secuencia;requeridos y no modelados: la secuencia no marca la pregunta;confirmar el orden CELULAR · AHORA · MOSTRAR · PUEDO como formulación natural de la pregunta (el corpus §6 no fija la sintaxis)|confirmar si la pregunta sí/no requiere marcador no manual: la secuencia no distingue pregunta de afirmación|confirmar la posición de la expresión temporal AHORA;
Q.DIG.NUMERO_CONOCE;¿Conoce el número desde el que le escribieron?;CELULAR|CONOCER;CELULAR · NÚM(...) · CONOCER;sí;GRAMMAR_PROVISIONAL;corpus §6 «¿Conoce el número desde el que le escribieron?» (nota: Directo);;ninguna: no hay evidencia para cambiar la secuencia;requeridos y no modelados: la secuencia no marca la pregunta;confirmar el orden CELULAR · NÚM(...) · CONOCER como formulación natural de la pregunta (el corpus §6 no fija la sintaxis)|confirmar si la pregunta sí/no requiere marcador no manual: la secuencia no distingue pregunta de afirmación;
Q.DIG.POR_CELULAR;¿Las amenazas llegaron por celular?;AMENAZAR|CELULAR|ENVIAR;AMENAZAR · CELULAR · ENVIAR;sí;GRAMMAR_PROVISIONAL;corpus §6 «¿Las amenazas llegaron por celular?» (nota: Directo);;ninguna: no hay evidencia para cambiar la secuencia;requeridos y no modelados: la secuencia no marca la pregunta;confirmar el orden AMENAZAR · CELULAR · ENVIAR como formulación natural de la pregunta (el corpus §6 no fija la sintaxis)|confirmar si la pregunta sí/no requiere marcador no manual: la secuencia no distingue pregunta de afirmación;
Q.DIG.POR_INTERNET;¿Le escribieron por internet?;INTERNET|ESCRIBIR|ENVIAR;INTERNET · ESCRIBIR · ENVIAR;sí;GRAMMAR_PROVISIONAL;corpus §6 «¿Le escribieron por internet?» (nota: Directo);;ninguna: no hay evidencia para cambiar la secuencia;requeridos y no modelados: la secuencia no marca la pregunta;confirmar el orden INTERNET · ESCRIBIR · ENVIAR como formulación natural de la pregunta (el corpus §6 no fija la sintaxis)|confirmar si la pregunta sí/no requiere marcador no manual: la secuencia no distingue pregunta de afirmación;
Q.DIG.REMITENTE;¿Quién le envió los mensajes?;;;sí;GRAMMAR_PENDING;ninguna;"sin secuencia LSB en ninguna fuente del repositorio; la formulación solo existe en español";ninguna: no hay evidencia para cambiar la secuencia;desconocidos;proponer la secuencia completa con una persona señante: no hay fuente en el repositorio;
Q.DIN.CHAT;¿Conserva toda la conversación?;ESCRIBIR|TOTAL|GUARDAR;ESCRIBIR · TOTAL · GUARDAR;sí;GRAMMAR_PROVISIONAL;corpus §6 «¿Conserva toda la conversación?» (nota: Directo);;ninguna: no hay evidencia para cambiar la secuencia;requeridos y no modelados: la secuencia no marca la pregunta;confirmar el orden ESCRIBIR · TOTAL · GUARDAR como formulación natural de la pregunta (el corpus §6 no fija la sintaxis)|confirmar si la pregunta sí/no requiere marcador no manual: la secuencia no distingue pregunta de afirmación;
Q.DIN.COMPROBANTE;¿Tiene algún comprobante?;FACTURA|BANCO|TENER;FACTURA / PAPEL · BANCO · TENER;sí;GRAMMAR_PROVISIONAL;corpus §6 «¿Tiene factura o papel del banco?» (nota: Usar objeto concreto);;ninguna: no hay evidencia para cambiar la secuencia;requeridos y no modelados: la secuencia no marca la pregunta;confirmar que la secuencia de «¿Tiene factura o papel del banco?» sirve para la formulación del banco «¿Tiene algún comprobante?»|confirmar el orden FACTURA / PAPEL · BANCO · TENER como formulación natural de la pregunta (el corpus §6 no fija la sintaxis)|confirmar si la pregunta sí/no requiere marcador no manual: la secuencia no distingue pregunta de afirmación|elegir una de las alternativas FACTURA / PAPEL;
Q.DIN.COMPROBANTE_TIPO;¿Qué comprobante tiene?;;;sí;GRAMMAR_PENDING;ninguna;"sin secuencia LSB en ninguna fuente del repositorio; la formulación solo existe en español";ninguna: no hay evidencia para cambiar la secuencia;desconocidos;proponer la secuencia completa con una persona señante: no hay fuente en el repositorio;
Q.DIN.ENGANO;¿Quiere decir que lo engañaron?;;;sí;GRAMMAR_PENDING;ninguna;"sin secuencia LSB en ninguna fuente del repositorio; la formulación solo existe en español";ninguna: no hay evidencia para cambiar la secuencia;desconocidos;proponer la secuencia completa con una persona señante: no hay fuente en el repositorio;
Q.DIN.ENTREGO;¿Entregó o envió dinero?;BILLETES|DAR;DINERO/BILLETES · DAR/ENVIAR;sí;GRAMMAR_PROVISIONAL;corpus §6 «¿Entregó o envió dinero?» (nota: Directo);;ninguna: no hay evidencia para cambiar la secuencia;requeridos y no modelados: la secuencia no marca la pregunta;confirmar el orden DINERO/BILLETES · DAR/ENVIAR como formulación natural de la pregunta (el corpus §6 no fija la sintaxis)|confirmar si la pregunta sí/no requiere marcador no manual: la secuencia no distingue pregunta de afirmación|elegir una de las alternativas DINERO/BILLETES, DAR/ENVIAR;
Q.DIN.INTERNET;¿Se comunicaron por internet?;INTERNET|ESCRIBIR;INTERNET · ESCRIBIR;sí;GRAMMAR_PROVISIONAL;corpus §6 «¿Se comunicaron por internet?» (nota: Directo);;ninguna: no hay evidencia para cambiar la secuencia;requeridos y no modelados: la secuencia no marca la pregunta;confirmar el orden INTERNET · ESCRIBIR como formulación natural de la pregunta (el corpus §6 no fija la sintaxis)|confirmar si la pregunta sí/no requiere marcador no manual: la secuencia no distingue pregunta de afirmación;
Q.DIN.MECANISMO;¿Cómo entregó el dinero?;;;sí;GRAMMAR_PENDING;ninguna;"sin secuencia LSB en ninguna fuente del repositorio; la formulación solo existe en español";ninguna: no hay evidencia para cambiar la secuencia;desconocidos;proponer la secuencia completa con una persona señante: no hay fuente en el repositorio;
Q.DIN.MONTO;¿Cuánto dinero fue?;BILLETES|CUÁNTOS;BILLETES · ¿CUÁNTOS?;sí;GRAMMAR_PROVISIONAL;corpus §6 «¿Cuánto dinero entregó?» (nota: Directo);;ninguna: no hay evidencia para cambiar la secuencia;desconocidos: ¿requiere marcador no manual de pregunta QU-?;confirmar que la secuencia de «¿Cuánto dinero entregó?» sirve para la formulación del banco «¿Cuánto dinero fue?»|confirmar el orden BILLETES · ¿CUÁNTOS? como formulación natural de la pregunta (el corpus §6 no fija la sintaxis)|confirmar la posición final de ¿CUÁNTOS? en esta construcción;
Q.DIN.POR_BANCO;¿Lo hizo mediante un banco?;BANCO|BILLETES|ENVIAR;BANCO · BILLETES · ENVIAR;sí;GRAMMAR_PROVISIONAL;corpus §6 «¿Lo hizo mediante un banco?» (nota: Directo);;ninguna: no hay evidencia para cambiar la secuencia;requeridos y no modelados: la secuencia no marca la pregunta;confirmar el orden BANCO · BILLETES · ENVIAR como formulación natural de la pregunta (el corpus §6 no fija la sintaxis)|confirmar si la pregunta sí/no requiere marcador no manual: la secuencia no distingue pregunta de afirmación;
Q.DIN.RECEPTOR;¿Quién recibió el dinero?;;;sí;GRAMMAR_PENDING;ninguna;"sin secuencia LSB en ninguna fuente del repositorio; la formulación solo existe en español (el banco solo declara el conjunto sin orden ['NOMBRE', 'CONOCER'])";ninguna: no hay evidencia para cambiar la secuencia;desconocidos;proponer la secuencia completa con una persona señante: no hay fuente en el repositorio;
Q.DIN.RECEPTOR_NOMBRE;¿Conoce el nombre de la persona?;ÉL|NOMBRE|CONOCER;ÉL/ELLA · NOMBRE · CONOCER;sí;GRAMMAR_PROVISIONAL;corpus §6 «¿Conoce el nombre de la persona?» (nota: Directo);;ninguna: no hay evidencia para cambiar la secuencia;requeridos y no modelados: la secuencia no marca la pregunta;confirmar el orden ÉL/ELLA · NOMBRE · CONOCER como formulación natural de la pregunta (el corpus §6 no fija la sintaxis)|confirmar si la pregunta sí/no requiere marcador no manual: la secuencia no distingue pregunta de afirmación|elegir una de las alternativas ÉL/ELLA;
Q.DIN.RECEPTOR_NUMERO;¿Tiene su número de celular?;ÉL|CELULAR|TENER;ÉL/ELLA · CELULAR · NÚM(...) · TENER;sí;GRAMMAR_PROVISIONAL;corpus §6 «¿Tiene su número de celular?» (nota: Directo);;ninguna: no hay evidencia para cambiar la secuencia;requeridos y no modelados: la secuencia no marca la pregunta;confirmar el orden ÉL/ELLA · CELULAR · NÚM(...) · TENER como formulación natural de la pregunta (el corpus §6 no fija la sintaxis)|confirmar si la pregunta sí/no requiere marcador no manual: la secuencia no distingue pregunta de afirmación|elegir una de las alternativas ÉL/ELLA;
Q.DOC.ACLARAR;¿Qué papel es?;;;sí;GRAMMAR_PENDING;ninguna;"sin secuencia LSB en ninguna fuente del repositorio; la formulación solo existe en español";ninguna: no hay evidencia para cambiar la secuencia;desconocidos;proponer la secuencia completa con una persona señante: no hay fuente en el repositorio;
Q.EVI.CAJA;¿Tiene la caja del celular?;;;sí;GRAMMAR_PENDING;ninguna;"sin secuencia LSB en ninguna fuente del repositorio; la formulación solo existe en español";ninguna: no hay evidencia para cambiar la secuencia;desconocidos;proponer la secuencia completa con una persona señante: no hay fuente en el repositorio;
Q.EVI.CAMARAS;¿Hay cámaras o video del lugar?;VIDEO|FILMAR|TENER;VIDEO · FILMAR · TENER;sí;GRAMMAR_PROVISIONAL;corpus §6 «¿Hay cámaras o video del lugar?» (nota: Directo);;ninguna: no hay evidencia para cambiar la secuencia;requeridos y no modelados: la secuencia no marca la pregunta;confirmar el orden VIDEO · FILMAR · TENER como formulación natural de la pregunta (el corpus §6 no fija la sintaxis)|confirmar si la pregunta sí/no requiere marcador no manual: la secuencia no distingue pregunta de afirmación;
Q.EVI.CERTIFICADO;¿Tiene un certificado?;CERTIFICADO|TENER;CERTIFICADO · TENER;sí;GRAMMAR_PROVISIONAL;corpus §6 «¿Tiene un certificado?» (nota: Directo);;ninguna: no hay evidencia para cambiar la secuencia;requeridos y no modelados: la secuencia no marca la pregunta;confirmar el orden CERTIFICADO · TENER como formulación natural de la pregunta (el corpus §6 no fija la sintaxis)|confirmar si la pregunta sí/no requiere marcador no manual: la secuencia no distingue pregunta de afirmación;
Q.EVI.FACTURA;¿Tiene la factura?;;;sí;GRAMMAR_PENDING;ninguna;"sin secuencia LSB en ninguna fuente del repositorio; la formulación solo existe en español";ninguna: no hay evidencia para cambiar la secuencia;desconocidos;proponer la secuencia completa con una persona señante: no hay fuente en el repositorio;
Q.EVI.FACTURA_O_CAJA;¿Tiene la factura o la caja del celular?;FACTURA|CAJA|CELULAR|TENER;FACTURA · CAJA · CELULAR · TENER;sí;GRAMMAR_PROVISIONAL;corpus §6 «¿Tiene la factura o la caja del celular?» (nota: Directo);indicio (no veredicto) de calco: las glosas siguen el orden de las palabras del español;ninguna: no hay evidencia para cambiar la secuencia;desconocidos;confirmar el orden FACTURA · CAJA · CELULAR · TENER como formulación natural de la pregunta (el corpus §6 no fija la sintaxis)|pregunta compuesta (el banco la divide en dos): confirmar si la secuencia expresa «o» y no «y»;
Q.EVI.FOTOS;¿Tiene fotografías?;FOTOS|TENER;FOTOS · TENER;sí;GRAMMAR_PROVISIONAL;corpus §6 «¿Tiene fotografías?» (nota: Directo);;ninguna: no hay evidencia para cambiar la secuencia;requeridos y no modelados: la secuencia no marca la pregunta;confirmar el orden FOTOS · TENER como formulación natural de la pregunta (el corpus §6 no fija la sintaxis)|confirmar si la pregunta sí/no requiere marcador no manual: la secuencia no distingue pregunta de afirmación;
Q.EVI.MOSTRAR_AHORA;¿Puede mostrarlo ahora?;AHORA|MOSTRAR|PUEDO;AHORA · MOSTRAR · PUEDO;sí;GRAMMAR_PROVISIONAL;corpus §6 «¿Puede mostrarlo ahora?» (nota: Directo);;ninguna: no hay evidencia para cambiar la secuencia;requeridos y no modelados: la secuencia no marca la pregunta;confirmar el orden AHORA · MOSTRAR · PUEDO como formulación natural de la pregunta (el corpus §6 no fija la sintaxis)|confirmar si la pregunta sí/no requiere marcador no manual: la secuencia no distingue pregunta de afirmación|confirmar la posición de la expresión temporal AHORA;
Q.EVI.PRESENTAR;¿Desea presentar estos elementos?;PRESENTAR|FOTOS|QUERER;PRESENTAR · FOTOS/VIDEO/PAPEL · QUERER;sí;GRAMMAR_PROVISIONAL;corpus §6 «¿Desea presentar estos elementos?» (nota: PRESENTAR directo D2024);;ninguna: no hay evidencia para cambiar la secuencia;requeridos y no modelados: la secuencia no marca la pregunta;confirmar el orden PRESENTAR · FOTOS/VIDEO/PAPEL · QUERER como formulación natural de la pregunta (el corpus §6 no fija la sintaxis)|confirmar si la pregunta sí/no requiere marcador no manual: la secuencia no distingue pregunta de afirmación|elegir una de las alternativas FOTOS/VIDEO/PAPEL;
Q.EVI.QUE_TIENE;¿Tiene fotos, video u otra cosa que pueda mostrar?;;;sí;GRAMMAR_PENDING;ninguna;"sin secuencia LSB en ninguna fuente del repositorio; la formulación solo existe en español";ninguna: no hay evidencia para cambiar la secuencia;desconocidos;proponer la secuencia completa con una persona señante: no hay fuente en el repositorio;
Q.EVI.RESOLUCION_PREVIA;¿Tiene una resolución o papel previo?;RESOLUCIÓN|TENER;RESOLUCIÓN / PAPEL · TENER;sí;GRAMMAR_PROVISIONAL;corpus §6 «¿Tiene una resolución o papel previo?» (nota: RESOLUCIÓN directo D2024);;ninguna: no hay evidencia para cambiar la secuencia;requeridos y no modelados: la secuencia no marca la pregunta;confirmar el orden RESOLUCIÓN / PAPEL · TENER como formulación natural de la pregunta (el corpus §6 no fija la sintaxis)|confirmar si la pregunta sí/no requiere marcador no manual: la secuencia no distingue pregunta de afirmación|elegir una de las alternativas RESOLUCIÓN / PAPEL;
Q.EVI.TIPOS;¿Qué tiene?;;;sí;GRAMMAR_PENDING;ninguna;"sin secuencia LSB en ninguna fuente del repositorio; la formulación solo existe en español";ninguna: no hay evidencia para cambiar la secuencia;desconocidos;proponer la secuencia completa con una persona señante: no hay fuente en el repositorio;
Q.EVI.TRAE_COPIA;¿La tiene aquí con usted?;;;sí;GRAMMAR_PENDING;ninguna;"sin secuencia LSB en ninguna fuente del repositorio; la formulación solo existe en español";ninguna: no hay evidencia para cambiar la secuencia;desconocidos;proponer la secuencia completa con una persona señante: no hay fuente en el repositorio;
Q.EVI.VIDEO;¿Tiene video?;VIDEO|TENER;VIDEO · TENER;sí;GRAMMAR_PROVISIONAL;corpus §6 «¿Tiene video?» (nota: Directo);;ninguna: no hay evidencia para cambiar la secuencia;requeridos y no modelados: la secuencia no marca la pregunta;confirmar el orden VIDEO · TENER como formulación natural de la pregunta (el corpus §6 no fija la sintaxis)|confirmar si la pregunta sí/no requiere marcador no manual: la secuencia no distingue pregunta de afirmación;
Q.FALTA.QUE;¿Qué le falta?;;;sí;GRAMMAR_PENDING;ninguna;"sin secuencia LSB en ninguna fuente del repositorio; la formulación solo existe en español";ninguna: no hay evidencia para cambiar la secuencia;desconocidos;proponer la secuencia completa con una persona señante: no hay fuente en el repositorio;
Q.HEC.AMPLIAR;¿Quiere agregar algo que no le pregunté?;AUMENTAR|NARRAR|QUERER;AUMENTAR · NARRAR · QUERER;sí;GRAMMAR_PROVISIONAL;corpus §6 «¿Quiere agregar algo que no le pregunté?» (nota: Directo);;ninguna: no hay evidencia para cambiar la secuencia;requeridos y no modelados: la secuencia no marca la pregunta;confirmar el orden AUMENTAR · NARRAR · QUERER como formulación natural de la pregunta (el corpus §6 no fija la sintaxis)|confirmar si la pregunta sí/no requiere marcador no manual: la secuencia no distingue pregunta de afirmación;
Q.HEC.ESCAPE_ACTOR;¿Quién escapó?;;;sí;GRAMMAR_PENDING;ninguna;"sin secuencia LSB en ninguna fuente del repositorio; la formulación solo existe en español";ninguna: no hay evidencia para cambiar la secuencia;desconocidos;proponer la secuencia completa con una persona señante: no hay fuente en el repositorio;
Q.HEC.PERDIDA_TIPO;¿Lo perdió usted o cree que se lo quitaron?;;;sí;GRAMMAR_PENDING;ninguna;"sin secuencia LSB en ninguna fuente del repositorio; la formulación solo existe en español";ninguna: no hay evidencia para cambiar la secuencia;desconocidos;proponer la secuencia completa con una persona señante: no hay fuente en el repositorio;
Q.HEC.QUE_OCURRIO;¿Qué ocurrió?;TÚ|NARRAR|QUÉ;TÚ · NARRAR · ¿QUÉ?;sí;GRAMMAR_PROVISIONAL;"corpus §6 «¿Qué ocurrió?» (nota: Directo; sintaxis final a validar)";;ninguna: no hay evidencia para cambiar la secuencia;desconocidos: ¿requiere marcador no manual de pregunta QU-?;confirmar el orden TÚ · NARRAR · ¿QUÉ? como formulación natural de la pregunta (el corpus §6 no fija la sintaxis)|confirmar la posición final de ¿QUÉ? en esta construcción|confirmar si TÚ explícito es necesario o se expresa por dirección/mirada;
Q.HEC.RELATO_ORDENADO;¿Puede contarme lo sucedido desde el inicio?;NARRAR|EMPEZAR|PRIMERA_VEZ;NARRAR · EMPEZAR · PRIMERA-VEZ;sí;GRAMMAR_PROVISIONAL;corpus §6 «¿Puede contarme lo sucedido desde el inicio?» (nota: Directo);;ninguna: no hay evidencia para cambiar la secuencia;requeridos y no modelados: la secuencia no marca la pregunta;confirmar el orden NARRAR · EMPEZAR · PRIMERA-VEZ como formulación natural de la pregunta (el corpus §6 no fija la sintaxis)|confirmar si la pregunta sí/no requiere marcador no manual: la secuencia no distingue pregunta de afirmación|confirmar la posición de la expresión temporal PRIMERA-VEZ;
Q.ID.ACOMPANANTE;¿Vino solo o acompañado?;TÚ|VENIR;TÚ · NÚM(1) · VENIR / ACOMPAÑAR;sí;GRAMMAR_PROVISIONAL;corpus §6 «¿Vino solo o acompañado?» (nota: Directo);;ninguna: no hay evidencia para cambiar la secuencia;requeridos y no modelados: la secuencia no marca la pregunta;confirmar el orden TÚ · NÚM(1) · VENIR / ACOMPAÑAR como formulación natural de la pregunta (el corpus §6 no fija la sintaxis)|confirmar cómo se marca la pregunta disyuntiva («… o …»): la secuencia no marca ni la disyunción ni la pregunta|confirmar si TÚ explícito es necesario o se expresa por dirección/mirada|elegir una de las alternativas VENIR / ACOMPAÑAR;
Q.ID.ACOMPANANTE_QUIEN;¿Quién le acompaña?;;;sí;GRAMMAR_PENDING;ninguna;"sin secuencia LSB en ninguna fuente del repositorio; la formulación solo existe en español";ninguna: no hay evidencia para cambiar la secuencia;desconocidos;proponer la secuencia completa con una persona señante: no hay fuente en el repositorio;
Q.ID.APELLIDO;¿Puede deletrear su apellido?;NOMBRE|PUEDO;DELETREAR · NOMBRE · PUEDO;sí;LEXICAL_GAP;corpus §6 «¿Puede deletrear su apellido?» (nota: Directo);DELETREAR: no está en el corpus v4;ninguna: no hay evidencia para cambiar la secuencia;desconocidos;confirmar el orden DELETREAR · NOMBRE · PUEDO como formulación natural de la pregunta (el corpus §6 no fija la sintaxis)|confirmar cómo expresar DELETREAR sin una seña fuera del corpus v4 (no se añade al corpus);
Q.ID.AVISO;¿Prefiere recibir avisos por mensaje escrito?;AVISAR|ESCRIBIR|ENVIAR|MEJOR|AVISAR|ESCRIBIR|ENVIAR|MEJOR;AVISAR · ESCRIBIR · ENVIAR · MEJOR || AVISAR · ESCRIBIR · ENVIAR · MEJOR;sí;GRAMMAR_PROVISIONAL;corpus §6 «¿Prefiere recibir avisos por mensaje escrito?» (nota: Directo) || corpus §6 «¿Prefiere que le avisemos por escrito?» (nota: Directo);;ninguna: no hay evidencia para cambiar la secuencia;requeridos y no modelados: la secuencia no marca la pregunta;confirmar que la secuencia de «¿Prefiere que le avisemos por escrito?» sirve para la formulación del banco «¿Prefiere recibir avisos por mensaje escrito?»|confirmar el orden AVISAR · ESCRIBIR · ENVIAR · MEJOR como formulación natural de la pregunta (el corpus §6 no fija la sintaxis)|confirmar si la pregunta sí/no requiere marcador no manual: la secuencia no distingue pregunta de afirmación;
Q.ID.DOC_NUMERO;¿Cuál es el número de su documento?;;;sí;GRAMMAR_PENDING;ninguna;"sin secuencia LSB en ninguna fuente del repositorio; la formulación solo existe en español";ninguna: no hay evidencia para cambiar la secuencia;desconocidos;proponer la secuencia completa con una persona señante: no hay fuente en el repositorio;
Q.ID.DOC_TIENE;¿Tiene su carnet de identidad?;PAPEL|IDENTIDAD|TENER;PAPEL · IDENTIDAD · TENER;sí;GRAMMAR_PROVISIONAL;corpus §6 «¿Tiene su carnet de identidad?» (nota: Composición PAPEL+IDENTIDAD);;ninguna: no hay evidencia para cambiar la secuencia;requeridos y no modelados: la secuencia no marca la pregunta;confirmar el orden PAPEL · IDENTIDAD · TENER como formulación natural de la pregunta (el corpus §6 no fija la sintaxis)|confirmar si la pregunta sí/no requiere marcador no manual: la secuencia no distingue pregunta de afirmación|confirmar la composición como unidad (Composición PAPEL+IDENTIDAD);
Q.ID.DOC_TIPO;¿Qué documento presenta?;;;sí;GRAMMAR_PENDING;ninguna;"sin secuencia LSB en ninguna fuente del repositorio; la formulación solo existe en español";ninguna: no hay evidencia para cambiar la secuencia;desconocidos;proponer la secuencia completa con una persona señante: no hay fuente en el repositorio;
Q.ID.EDAD_PROPIA;¿Qué edad tiene?;;;sí;GRAMMAR_PENDING;ninguna;"sin secuencia LSB en ninguna fuente del repositorio; la formulación solo existe en español (el banco solo declara el conjunto sin orden ['EDAD'])";ninguna: no hay evidencia para cambiar la secuencia;desconocidos;proponer la secuencia completa con una persona señante: no hay fuente en el repositorio;
Q.ID.NOMBRE;¿Cuál es su nombre completo?;TUYO|NOMBRE|CUÁL;TUYO · NOMBRE · ¿CUÁL?;sí;GRAMMAR_PROVISIONAL;corpus §6 «¿Cuál es su nombre completo?» (nota: Directo);;ninguna: no hay evidencia para cambiar la secuencia;desconocidos: ¿requiere marcador no manual de pregunta QU-?;confirmar el orden TUYO · NOMBRE · ¿CUÁL? como formulación natural de la pregunta (el corpus §6 no fija la sintaxis)|confirmar la posición final de ¿CUÁL? en esta construcción|confirmar si TUYO explícito es necesario o se expresa por dirección/mirada|confirmar la construcción posesiva (orden poseedor/poseído);
Q.ID.TELEFONO_PROPIO;¿Cuál es su número de celular?;;;sí;GRAMMAR_PENDING;ninguna;"sin secuencia LSB en ninguna fuente del repositorio; la formulación solo existe en español (el banco solo declara el conjunto sin orden ['ENVIAR', 'AVISAR', 'MEJOR'])";ninguna: no hay evidencia para cambiar la secuencia;desconocidos;proponer la secuencia completa con una persona señante: no hay fuente en el repositorio;
Q.ID.TELEFONO_VALIDA;¿Este número de celular es suyo?;CELULAR|TUYO|VERDAD;CELULAR · NÚM(...) · TUYO · VERDAD;sí;GRAMMAR_PROVISIONAL;corpus §6 «¿Este número de celular es suyo?» (nota: Directo);;ninguna: no hay evidencia para cambiar la secuencia;requeridos y no modelados: la secuencia no marca la pregunta;confirmar el orden CELULAR · NÚM(...) · TUYO · VERDAD como formulación natural de la pregunta (el corpus §6 no fija la sintaxis)|confirmar si la pregunta sí/no requiere marcador no manual: la secuencia no distingue pregunta de afirmación|confirmar si TUYO explícito es necesario o se expresa por dirección/mirada|confirmar la construcción posesiva (orden poseedor/poseído);
Q.LUG.DENTRO_FUERA;¿Ocurrió dentro o fuera del lugar?;DENTRO|FUERA|CUÁL;DENTRO · FUERA · ¿CUÁL?;sí;GRAMMAR_PROVISIONAL;corpus §6 «¿Ocurrió dentro o fuera del lugar?» (nota: Directo);;ninguna: no hay evidencia para cambiar la secuencia;desconocidos: ¿requiere marcador no manual de pregunta QU-?;confirmar el orden DENTRO · FUERA · ¿CUÁL? como formulación natural de la pregunta (el corpus §6 no fija la sintaxis)|confirmar la posición final de ¿CUÁL? en esta construcción;
Q.LUG.DONDE;¿Dónde ocurrió?;DÓNDE;¿DÓNDE?;sí;GRAMMAR_PROVISIONAL;corpus §6 «¿Dónde ocurrió?» (nota: Directo);;ninguna: no hay evidencia para cambiar la secuencia;desconocidos: ¿requiere marcador no manual de pregunta QU-?;confirmar el orden ¿DÓNDE? como formulación natural de la pregunta (el corpus §6 no fija la sintaxis)|confirmar la posición final de ¿DÓNDE? en esta construcción;
Q.LUG.RELACION;¿Fue cerca de algún lugar que conozca?;;;sí;GRAMMAR_PENDING;ninguna;"sin secuencia LSB en ninguna fuente del repositorio; la formulación solo existe en español";ninguna: no hay evidencia para cambiar la secuencia;desconocidos;proponer la secuencia completa con una persona señante: no hay fuente en el repositorio;
Q.ORI.SEPDAVI;¿Desea orientación para recibir asistencia de SEPDAVI?;ASISTENCIA|SEPDAVI|QUERER;ASISTENCIA · d(SEPDAVI) · QUERER;sí;GRAMMAR_PROVISIONAL;corpus §6 «¿Desea orientación para recibir asistencia de SEPDAVI?» (nota: Institución por dactilología);;ninguna: no hay evidencia para cambiar la secuencia;requeridos y no modelados: la secuencia no marca la pregunta;confirmar el orden ASISTENCIA · d(SEPDAVI) · QUERER como formulación natural de la pregunta (el corpus §6 no fija la sintaxis)|confirmar si la pregunta sí/no requiere marcador no manual: la secuencia no distingue pregunta de afirmación|confirmar la integración de d(SEPDAVI) en la secuencia;
Q.PER.CONOCE;¿Conoce a la persona involucrada?;TÚ|ÉL|CONOCER;TÚ · ÉL/ELLA · CONOCER;sí;GRAMMAR_PROVISIONAL;corpus §6 «¿Conoce a la persona involucrada?» (nota: Directo);;ninguna: no hay evidencia para cambiar la secuencia;requeridos y no modelados: la secuencia no marca la pregunta;confirmar el orden TÚ · ÉL/ELLA · CONOCER como formulación natural de la pregunta (el corpus §6 no fija la sintaxis)|confirmar si la pregunta sí/no requiere marcador no manual: la secuencia no distingue pregunta de afirmación|confirmar si TÚ explícito es necesario o se expresa por dirección/mirada|elegir una de las alternativas ÉL/ELLA;
Q.PER.DESC.CABELLO;¿Qué color de cabello recuerda?;CABELLO|CUÁL;CABELLO · COLOR · ¿CUÁL?;sí;LEXICAL_GAP;"corpus §6 «¿Qué color de cabello recuerda?» (nota: COLOR como categoría; usar colores concretos)";COLOR: no está en el corpus v4;ninguna: no hay evidencia para cambiar la secuencia;desconocidos: ¿requiere marcador no manual de pregunta QU-?;confirmar el orden CABELLO · COLOR · ¿CUÁL? como formulación natural de la pregunta (el corpus §6 no fija la sintaxis)|confirmar la posición final de ¿CUÁL? en esta construcción|confirmar cómo expresar COLOR sin una seña fuera del corpus v4 (no se añade al corpus);
Q.PER.DESC.CONTEXTURA;¿Era delgado o de contextura gruesa?;FLACO|GORDO|CUÁL;FLACO · GORDO · ¿CUÁL?;sí;GRAMMAR_PROVISIONAL;corpus §6 «¿Era delgado o de contextura gruesa?» (nota: Directo);;ninguna: no hay evidencia para cambiar la secuencia;desconocidos: ¿requiere marcador no manual de pregunta QU-?;confirmar el orden FLACO · GORDO · ¿CUÁL? como formulación natural de la pregunta (el corpus §6 no fija la sintaxis)|confirmar la posición final de ¿CUÁL? en esta construcción;
Q.PER.DESC.EDAD;¿Qué edad aproximada tenía?;JOVEN|ADULTO|CUÁL;JOVEN · ADULTO · ¿CUÁL?;sí;GRAMMAR_PROVISIONAL;corpus §6 «¿Era joven o adulto?» (nota: Directo);;ninguna: no hay evidencia para cambiar la secuencia;desconocidos: ¿requiere marcador no manual de pregunta QU-?;confirmar que la secuencia de «¿Era joven o adulto?» sirve para la formulación del banco «¿Qué edad aproximada tenía?»|confirmar el orden JOVEN · ADULTO · ¿CUÁL? como formulación natural de la pregunta (el corpus §6 no fija la sintaxis)|confirmar la posición final de ¿CUÁL? en esta construcción;
Q.PER.DESC.ESTATURA;¿Era alto o bajo?;ALTO|BAJO|CUÁL;ALTO · BAJO · ¿CUÁL?;sí;GRAMMAR_PROVISIONAL;corpus §6 «¿Era alto o bajo?» (nota: Directo);;ninguna: no hay evidencia para cambiar la secuencia;desconocidos: ¿requiere marcador no manual de pregunta QU-?;confirmar el orden ALTO · BAJO · ¿CUÁL? como formulación natural de la pregunta (el corpus §6 no fija la sintaxis)|confirmar la posición final de ¿CUÁL? en esta construcción;
Q.PER.DESC.GORRA;¿Llevaba gorra?;GORRA|TENER;GORRA · TENER;sí;GRAMMAR_PROVISIONAL;corpus §6 «¿Llevaba gorra?» (nota: Directo);;ninguna: no hay evidencia para cambiar la secuencia;requeridos y no modelados: la secuencia no marca la pregunta;confirmar el orden GORRA · TENER como formulación natural de la pregunta (el corpus §6 no fija la sintaxis)|confirmar si la pregunta sí/no requiere marcador no manual: la secuencia no distingue pregunta de afirmación;
Q.PER.DESC.LENTES;¿Usaba lentes?;LENTES|TENER;LENTES · TENER;sí;GRAMMAR_PROVISIONAL;corpus §6 «¿Usaba lentes?» (nota: Directo);;ninguna: no hay evidencia para cambiar la secuencia;requeridos y no modelados: la secuencia no marca la pregunta;confirmar el orden LENTES · TENER como formulación natural de la pregunta (el corpus §6 no fija la sintaxis)|confirmar si la pregunta sí/no requiere marcador no manual: la secuencia no distingue pregunta de afirmación;
Q.PER.DESC.MOCHILA;¿Llevaba mochila o bolsa?;MOCHILA|BOLSA|CUÁL;MOCHILA · BOLSA · ¿CUÁL?;sí;GRAMMAR_PROVISIONAL;corpus §6 «¿Llevaba mochila o bolsa?» (nota: Directo);;ninguna: no hay evidencia para cambiar la secuencia;desconocidos: ¿requiere marcador no manual de pregunta QU-?;confirmar el orden MOCHILA · BOLSA · ¿CUÁL? como formulación natural de la pregunta (el corpus §6 no fija la sintaxis)|confirmar la posición final de ¿CUÁL? en esta construcción;
Q.PER.DESC.RASGO;¿Recuerda alguna característica particular?;RECORDAR|QUÉ;RECORDAR · ¿QUÉ?;sí;GRAMMAR_PROVISIONAL;"corpus §6 «¿Recuerda alguna característica particular?» (nota: No forzar “tatuaje”; describir rasgo concreto)";;ninguna: no hay evidencia para cambiar la secuencia;desconocidos: ¿requiere marcador no manual de pregunta QU-?;confirmar el orden RECORDAR · ¿QUÉ? como formulación natural de la pregunta (el corpus §6 no fija la sintaxis)|confirmar la posición final de ¿QUÉ? en esta construcción;
Q.PER.DESC.ROPA;¿Qué ropa llevaba?;POLERA|PANTALÓN|CHAMARRA|CUÁL;POLERA · PANTALÓN · CHAMARRA · ¿CUÁL?;sí;GRAMMAR_PROVISIONAL;corpus §6 «¿Qué ropa llevaba?» (nota: Directo);;ninguna: no hay evidencia para cambiar la secuencia;desconocidos: ¿requiere marcador no manual de pregunta QU-?;confirmar el orden POLERA · PANTALÓN · CHAMARRA · ¿CUÁL? como formulación natural de la pregunta (el corpus §6 no fija la sintaxis)|confirmar la posición final de ¿CUÁL? en esta construcción;
Q.PER.DESC.SEXO;¿Era un hombre o una mujer?;HOMBRE|MUJER|CUÁL;HOMBRE · MUJER · ¿CUÁL?;sí;GRAMMAR_PROVISIONAL;corpus §6 «¿Era un hombre o una mujer?» (nota: Directo);;ninguna: no hay evidencia para cambiar la secuencia;desconocidos: ¿requiere marcador no manual de pregunta QU-?;confirmar el orden HOMBRE · MUJER · ¿CUÁL? como formulación natural de la pregunta (el corpus §6 no fija la sintaxis)|confirmar la posición final de ¿CUÁL? en esta construcción;
Q.PER.DESCRIBIR;¿Quiere describir a la persona?;;;sí;GRAMMAR_PENDING;ninguna;"sin secuencia LSB en ninguna fuente del repositorio; la formulación solo existe en español";ninguna: no hay evidencia para cambiar la secuencia;desconocidos;proponer la secuencia completa con una persona señante: no hay fuente en el repositorio;
Q.PER.NOMBRE_TERCERO;¿Sabe cómo se llama esa persona?;;;sí;GRAMMAR_PENDING;ninguna;"sin secuencia LSB en ninguna fuente del repositorio; la formulación solo existe en español";ninguna: no hay evidencia para cambiar la secuencia;desconocidos;proponer la secuencia completa con una persona señante: no hay fuente en el repositorio;
Q.PER.OBSERVADA;¿A quién vio?;;;sí;GRAMMAR_PENDING;ninguna;"sin secuencia LSB en ninguna fuente del repositorio; la formulación solo existe en español";ninguna: no hay evidencia para cambiar la secuencia;desconocidos;proponer la secuencia completa con una persona señante: no hay fuente en el repositorio;
Q.PER.OTROS_PRESENTES;¿Había otras personas presentes?;HOMBRE|MUJER|ALLÍ|TENER;HOMBRE · MUJER · ALLÍ · TENER;sí;GRAMMAR_PROVISIONAL;corpus §6 «¿Había otras personas presentes?» (nota: Directo);;ninguna: no hay evidencia para cambiar la secuencia;requeridos y no modelados: la secuencia no marca la pregunta;confirmar el orden HOMBRE · MUJER · ALLÍ · TENER como formulación natural de la pregunta (el corpus §6 no fija la sintaxis)|confirmar si la pregunta sí/no requiere marcador no manual: la secuencia no distingue pregunta de afirmación;
Q.PER.RECONOCE;¿Puede identificarla si la vuelve a ver?;IDENTIFICAR|VOLVER|VER|PUEDO;IDENTIFICAR · VOLVER · VER · PUEDO;sí;GRAMMAR_PROVISIONAL;corpus §6 «¿Puede identificarla si la vuelve a ver?» (nota: Directo D2024 + M1-4);;ninguna: no hay evidencia para cambiar la secuencia;requeridos y no modelados: la secuencia no marca la pregunta;confirmar el orden IDENTIFICAR · VOLVER · VER · PUEDO como formulación natural de la pregunta (el corpus §6 no fija la sintaxis)|confirmar si la pregunta sí/no requiere marcador no manual: la secuencia no distingue pregunta de afirmación;
Q.PER.VINCULO;¿Qué relación tiene con esa persona?;;;sí;GRAMMAR_PENDING;ninguna;"sin secuencia LSB en ninguna fuente del repositorio; la formulación solo existe en español";ninguna: no hay evidencia para cambiar la secuencia;desconocidos;proponer la secuencia completa con una persona señante: no hay fuente en el repositorio;
Q.RIE.AMENAZAS;¿Recibió amenazas?;AMENAZAR|RECIBIR;AMENAZAR · RECIBIR;sí;GRAMMAR_PROVISIONAL;corpus §6 «¿Recibió amenazas?» (nota: Directo);;ninguna: no hay evidencia para cambiar la secuencia;requeridos y no modelados: la secuencia no marca la pregunta;confirmar el orden AMENAZAR · RECIBIR como formulación natural de la pregunta (el corpus §6 no fija la sintaxis)|confirmar si la pregunta sí/no requiere marcador no manual: la secuencia no distingue pregunta de afirmación;
Q.RIE.AUXILIO;¿Necesita auxilio ahora?;AUXILIO|AHORA|NECESITAR;AUXILIO · AHORA · NECESITAR;sí;GRAMMAR_PROVISIONAL;corpus §6 «¿Necesita auxilio ahora?» (nota: AUXILIO directo D2024);;ninguna: no hay evidencia para cambiar la secuencia;requeridos y no modelados: la secuencia no marca la pregunta;confirmar el orden AUXILIO · AHORA · NECESITAR como formulación natural de la pregunta (el corpus §6 no fija la sintaxis)|confirmar si la pregunta sí/no requiere marcador no manual: la secuencia no distingue pregunta de afirmación|confirmar la posición de la expresión temporal AHORA;
Q.RIE.MIEDO_CASA;¿Tiene miedo de volver a su casa?;MIEDO|CASA|VOLVER;MIEDO · CASA · VOLVER;sí;GRAMMAR_PROVISIONAL;corpus §6 «¿Tiene miedo de volver a su casa?» (nota: Directo);;ninguna: no hay evidencia para cambiar la secuencia;requeridos y no modelados: la secuencia no marca la pregunta;confirmar el orden MIEDO · CASA · VOLVER como formulación natural de la pregunta (el corpus §6 no fija la sintaxis)|confirmar si la pregunta sí/no requiere marcador no manual: la secuencia no distingue pregunta de afirmación;
Q.RIE.PIDE_PROTECCION;¿Necesita protección?;;;sí;GRAMMAR_PENDING;ninguna;"sin secuencia LSB en ninguna fuente del repositorio; la formulación solo existe en español";ninguna: no hay evidencia para cambiar la secuencia;desconocidos;proponer la secuencia completa con una persona señante: no hay fuente en el repositorio;
Q.RIE.PROTECCION_OTROS;¿Hay niños u otras personas que necesiten protección?;HIJO|PROTEGER|NECESITAR;HIJO/HIJA · PROTEGER · NECESITAR;sí;GRAMMAR_PROVISIONAL;corpus §6 «¿Hay niños u otras personas que necesiten protección?» (nota: Directo);;ninguna: no hay evidencia para cambiar la secuencia;requeridos y no modelados: la secuencia no marca la pregunta;confirmar el orden HIJO/HIJA · PROTEGER · NECESITAR como formulación natural de la pregunta (el corpus §6 no fija la sintaxis)|confirmar si la pregunta sí/no requiere marcador no manual: la secuencia no distingue pregunta de afirmación|elegir una de las alternativas HIJO/HIJA;
Q.RIE.QUIENES;¿Quiénes necesitan protección?;;;sí;GRAMMAR_PENDING;ninguna;"sin secuencia LSB en ninguna fuente del repositorio; la formulación solo existe en español";ninguna: no hay evidencia para cambiar la secuencia;desconocidos;proponer la secuencia completa con una persona señante: no hay fuente en el repositorio;
Q.ROB.ALGO;¿Le robaron algún objeto?;ROBAR;ROBAR · OBJETO;sí;LEXICAL_GAP;"corpus §6 «¿Le robaron algún objeto?» (nota: ROBAR directo D2024; objeto debe ser concreto)";OBJETO: no está en el corpus v4;ninguna: no hay evidencia para cambiar la secuencia;requeridos y no modelados: la secuencia no marca la pregunta;confirmar el orden ROBAR · OBJETO como formulación natural de la pregunta (el corpus §6 no fija la sintaxis)|confirmar si la pregunta sí/no requiere marcador no manual: la secuencia no distingue pregunta de afirmación|confirmar cómo expresar OBJETO sin una seña fuera del corpus v4 (no se añade al corpus);
Q.ROB.CONFIRMA_OBJETO;¿Le robaron {mencionado}?;ROBAR|CELULAR;ROBAR · CELULAR;sí;GRAMMAR_PROVISIONAL;corpus §6 «¿Le robaron el celular?» (nota: Directo);;ninguna: no hay evidencia para cambiar la secuencia;requeridos y no modelados: la secuencia no marca la pregunta;confirmar que la secuencia de «¿Le robaron el celular?» sirve para la formulación del banco «¿Le robaron {mencionado}?»|confirmar el orden ROBAR · CELULAR como formulación natural de la pregunta (el corpus §6 no fija la sintaxis)|confirmar si la pregunta sí/no requiere marcador no manual: la secuencia no distingue pregunta de afirmación;
Q.ROB.FALTA_CARNET;¿Le falta su carnet de identidad?;PAPEL|IDENTIDAD|PERDER;PAPEL · IDENTIDAD · PERDER;sí;GRAMMAR_PROVISIONAL;corpus §6 «¿Le falta su carnet de identidad?» (nota: Composición);;ninguna: no hay evidencia para cambiar la secuencia;requeridos y no modelados: la secuencia no marca la pregunta;confirmar el orden PAPEL · IDENTIDAD · PERDER como formulación natural de la pregunta (el corpus §6 no fija la sintaxis)|confirmar si la pregunta sí/no requiere marcador no manual: la secuencia no distingue pregunta de afirmación|confirmar la composición como unidad (Composición);
Q.ROB.FALTA_DINERO;¿Le falta dinero?;BILLETES|PERDER;DINERO/BILLETES · PERDER;sí;GRAMMAR_PROVISIONAL;corpus §6 «¿Le falta dinero?» (nota: Directo);;ninguna: no hay evidencia para cambiar la secuencia;requeridos y no modelados: la secuencia no marca la pregunta;confirmar el orden DINERO/BILLETES · PERDER como formulación natural de la pregunta (el corpus §6 no fija la sintaxis)|confirmar si la pregunta sí/no requiere marcador no manual: la secuencia no distingue pregunta de afirmación|elegir una de las alternativas DINERO/BILLETES;
Q.ROB.LADRON_ESCAPO;¿El ladrón escapó?;LADRÓN|ESCAPAR;LADRÓN · ESCAPAR;sí;GRAMMAR_PROVISIONAL;corpus §6 «¿El ladrón escapó?» (nota: Directo);;ninguna: no hay evidencia para cambiar la secuencia;requeridos y no modelados: la secuencia no marca la pregunta;confirmar el orden LADRÓN · ESCAPAR como formulación natural de la pregunta (el corpus §6 no fija la sintaxis)|confirmar si la pregunta sí/no requiere marcador no manual: la secuencia no distingue pregunta de afirmación;
Q.ROB.QUE;¿Qué le robaron?;ROBAR|QUÉ;ROBAR · ¿QUÉ?;sí;GRAMMAR_PROVISIONAL;corpus §6 «¿Qué le robaron?» (nota: Directo);;ninguna: no hay evidencia para cambiar la secuencia;desconocidos: ¿requiere marcador no manual de pregunta QU-?;confirmar el orden ROBAR · ¿QUÉ? como formulación natural de la pregunta (el corpus §6 no fija la sintaxis)|confirmar la posición final de ¿QUÉ? en esta construcción;
Q.ROB.VIO_LADRON;¿Vio al ladrón?;LADRÓN|VER;LADRÓN · VER;sí;GRAMMAR_PROVISIONAL;corpus §6 «¿Vio al ladrón?» (nota: LADRÓN directo D2024);;ninguna: no hay evidencia para cambiar la secuencia;requeridos y no modelados: la secuencia no marca la pregunta;confirmar el orden LADRÓN · VER como formulación natural de la pregunta (el corpus §6 no fija la sintaxis)|confirmar si la pregunta sí/no requiere marcador no manual: la secuencia no distingue pregunta de afirmación;
Q.SAL.ASISTENCIA;¿Necesita asistencia médica?;ASISTENCIA|DOCTOR|NECESITAR;ASISTENCIA · DOCTOR · NECESITAR;sí;GRAMMAR_PROVISIONAL;corpus §6 «¿Necesita asistencia médica?» (nota: ASISTENCIA directo D2024);;ninguna: no hay evidencia para cambiar la secuencia;requeridos y no modelados: la secuencia no marca la pregunta;confirmar el orden ASISTENCIA · DOCTOR · NECESITAR como formulación natural de la pregunta (el corpus §6 no fija la sintaxis)|confirmar si la pregunta sí/no requiere marcador no manual: la secuencia no distingue pregunta de afirmación;
Q.SAL.CERTIFICADO;¿Tiene certificado del doctor?;CERTIFICADO|DOCTOR|TENER;CERTIFICADO · DOCTOR · TENER;sí;GRAMMAR_PROVISIONAL;corpus §6 «¿Tiene certificado del doctor?» (nota: Directo);;ninguna: no hay evidencia para cambiar la secuencia;requeridos y no modelados: la secuencia no marca la pregunta;confirmar el orden CERTIFICADO · DOCTOR · TENER como formulación natural de la pregunta (el corpus §6 no fija la sintaxis)|confirmar si la pregunta sí/no requiere marcador no manual: la secuencia no distingue pregunta de afirmación;
Q.SAL.HERIDO;¿Está herido?;HERIDA|TENER;HERIDA · TENER;sí;GRAMMAR_PROVISIONAL;corpus §6 «¿Está herido?» (nota: Directo);;ninguna: no hay evidencia para cambiar la secuencia;requeridos y no modelados: la secuencia no marca la pregunta;confirmar el orden HERIDA · TENER como formulación natural de la pregunta (el corpus §6 no fija la sintaxis)|confirmar si la pregunta sí/no requiere marcador no manual: la secuencia no distingue pregunta de afirmación;
Q.SAL.HOSPITAL;¿Fue al hospital?;HOSPITAL|IR;HOSPITAL · IR;sí;GRAMMAR_PROVISIONAL;corpus §6 «¿Fue al hospital?» (nota: Directo);;ninguna: no hay evidencia para cambiar la secuencia;requeridos y no modelados: la secuencia no marca la pregunta;confirmar el orden HOSPITAL · IR como formulación natural de la pregunta (el corpus §6 no fija la sintaxis)|confirmar si la pregunta sí/no requiere marcador no manual: la secuencia no distingue pregunta de afirmación;
Q.SAL.PARTE;¿Dónde tiene la herida?;;;sí;GRAMMAR_PENDING;ninguna;"sin secuencia LSB en ninguna fuente del repositorio; la formulación solo existe en español";ninguna: no hay evidencia para cambiar la secuencia;desconocidos;proponer la secuencia completa con una persona señante: no hay fuente en el repositorio;
Q.SEG.AUTORIDAD;¿Con qué institución es su trámite?;;;sí;GRAMMAR_PENDING;ninguna;"sin secuencia LSB en ninguna fuente del repositorio; la formulación solo existe en español";ninguna: no hay evidencia para cambiar la secuencia;desconocidos;proponer la secuencia completa con una persona señante: no hay fuente en el repositorio;
Q.SEG.CITACION;¿Recibió un papel de convocatoria?;PAPEL|CONVOCAR|RECIBIR;PAPEL · CONVOCAR · RECIBIR;sí;GRAMMAR_PROVISIONAL;"corpus §6 «¿Recibió un papel de convocatoria?» (nota: Composición establecida en corpus; validar naturalidad)";;ninguna: no hay evidencia para cambiar la secuencia;requeridos y no modelados: la secuencia no marca la pregunta;"confirmar el orden PAPEL · CONVOCAR · RECIBIR como formulación natural de la pregunta (el corpus §6 no fija la sintaxis)|confirmar si la pregunta sí/no requiere marcador no manual: la secuencia no distingue pregunta de afirmación|confirmar la composición como unidad (Composición establecida en corpus; validar naturalidad)";
Q.SEG.CONFORMIDAD;¿Está de acuerdo con lo escrito?;ESTAR_DE_ACUERDO|ESCRIBIR;ESTAR-DE-ACUERDO · ESCRIBIR;sí;GRAMMAR_PROVISIONAL;corpus §6 «¿Está de acuerdo con lo escrito?» (nota: Directo);;ninguna: no hay evidencia para cambiar la secuencia;requeridos y no modelados: la secuencia no marca la pregunta;confirmar el orden ESTAR-DE-ACUERDO · ESCRIBIR como formulación natural de la pregunta (el corpus §6 no fija la sintaxis)|confirmar cómo se marca la pregunta disyuntiva («… o …»): la secuencia no marca ni la disyunción ni la pregunta;
Q.SEG.DEFENSA_PUBLICA;¿Necesita defensa pública gratuita?;ABOGADO|GRATIS|SEPDEP|NECESITAR;ABOGADO · GRATIS · d(SEPDEP) · NECESITAR;sí;GRAMMAR_PROVISIONAL;corpus §6 «¿Necesita defensa pública gratuita?» (nota: Institución por dactilología);;ninguna: no hay evidencia para cambiar la secuencia;requeridos y no modelados: la secuencia no marca la pregunta;confirmar el orden ABOGADO · GRATIS · d(SEPDEP) · NECESITAR como formulación natural de la pregunta (el corpus §6 no fija la sintaxis)|confirmar si la pregunta sí/no requiere marcador no manual: la secuencia no distingue pregunta de afirmación|confirmar la integración de d(SEPDEP) en la secuencia;
Q.SEG.DERIVACION_FISCALIA;¿Le indicaron ir a la Fiscalía?;FISCALIA|IR;d(FISCALÍA) · IR;sí;GRAMMAR_PROVISIONAL;corpus §6 «¿Le indicaron ir a la Fiscalía?» (nota: Dactilología);;ninguna: no hay evidencia para cambiar la secuencia;requeridos y no modelados: la secuencia no marca la pregunta;confirmar el orden d(FISCALÍA) · IR como formulación natural de la pregunta (el corpus §6 no fija la sintaxis)|confirmar si la pregunta sí/no requiere marcador no manual: la secuencia no distingue pregunta de afirmación|confirmar la integración de d(FISCALÍA) en la secuencia;
Q.SEG.DONDE_FISCALIA;¿Necesita saber dónde está la Fiscalía?;FISCALIA|DÓNDE;d(FISCALÍA) · ¿DÓNDE?;sí;GRAMMAR_PROVISIONAL;"corpus §6 «¿Necesita saber dónde está la Fiscalía?» (nota: Dactilología; no usar falso amigo FISCAL)";;ninguna: no hay evidencia para cambiar la secuencia;desconocidos: ¿requiere marcador no manual de pregunta QU-?;confirmar el orden d(FISCALÍA) · ¿DÓNDE? como formulación natural de la pregunta (el corpus §6 no fija la sintaxis)|confirmar la posición final de ¿DÓNDE? en esta construcción|confirmar la integración de d(FISCALÍA) en la secuencia;
Q.SEG.ESTADO_CASO;¿Vino a consultar el estado de su caso?;INVESTIGACIÓN|BUSCAR|VENIR;INVESTIGACIÓN · BUSCAR · VENIR;sí;GRAMMAR_PROVISIONAL;corpus §6 «¿Vino a consultar el estado de su caso?» (nota: No usar “caso” como seña si no está validada);;ninguna: no hay evidencia para cambiar la secuencia;requeridos y no modelados: la secuencia no marca la pregunta;confirmar el orden INVESTIGACIÓN · BUSCAR · VENIR como formulación natural de la pregunta (el corpus §6 no fija la sintaxis)|confirmar si la pregunta sí/no requiere marcador no manual: la secuencia no distingue pregunta de afirmación;
Q.SEG.FECHA_DENUNCIA;¿Cuándo presentó la denuncia?;CUÁNDO;[DENUNCIA] · ¿CUÁNDO?;sí;LEXICAL_GAP;corpus §6 «¿Cuándo presentó la denuncia?» (nota: Concepto DENUNCIA pendiente);[DENUNCIA]: concepto sin seña directa según el corpus (§4);ninguna: no hay evidencia para cambiar la secuencia;desconocidos: ¿requiere marcador no manual de pregunta QU-?;confirmar el orden [DENUNCIA] · ¿CUÁNDO? como formulación natural de la pregunta (el corpus §6 no fija la sintaxis)|confirmar la posición final de ¿CUÁNDO? en esta construcción|confirmar cómo expresar [DENUNCIA] sin una seña fuera del corpus v4 (no se añade al corpus);
Q.SEG.FECHA_PROGRAMADA;¿Para cuándo le dieron fecha?;;;sí;GRAMMAR_PENDING;ninguna;"sin secuencia LSB en ninguna fuente del repositorio; la formulación solo existe en español";ninguna: no hay evidencia para cambiar la secuencia;desconocidos;proponer la secuencia completa con una persona señante: no hay fuente en el repositorio;
Q.SEG.HABLAR_ABOGADO;¿Necesita hablar con un abogado?;ABOGADO|HABLAR|NECESITAR;ABOGADO · HABLAR · NECESITAR;sí;GRAMMAR_PROVISIONAL;corpus §6 «¿Necesita hablar con un abogado?» (nota: Directo);;ninguna: no hay evidencia para cambiar la secuencia;requeridos y no modelados: la secuencia no marca la pregunta;confirmar el orden ABOGADO · HABLAR · NECESITAR como formulación natural de la pregunta (el corpus §6 no fija la sintaxis)|confirmar si la pregunta sí/no requiere marcador no manual: la secuencia no distingue pregunta de afirmación;
Q.SEG.HABLAR_FISCAL;¿Necesita hablar con el fiscal?;HABLAR|NECESITAR;d(FISCAL) · HABLAR · NECESITAR;sí;GRAMMAR_PROVISIONAL;"corpus §6 «¿Necesita hablar con el fiscal?» (nota: Dactilología; NO usar FISCAL escolar)";d(FISCAL) se guarda como deletreo literal, fuera de la secuencia;ninguna: no hay evidencia para cambiar la secuencia;requeridos y no modelados: la secuencia no marca la pregunta;confirmar el orden d(FISCAL) · HABLAR · NECESITAR como formulación natural de la pregunta (el corpus §6 no fija la sintaxis)|confirmar si la pregunta sí/no requiere marcador no manual: la secuencia no distingue pregunta de afirmación|confirmar la integración de d(FISCAL) en la secuencia;
Q.SEG.HABLAR_POLICIA;¿Quiere hablar con el policía encargado?;POLICÍA|HABLAR|QUERER;POLICÍA · HABLAR · QUERER;sí;GRAMMAR_PROVISIONAL;corpus §6 «¿Quiere hablar con el policía encargado?» (nota: Directo);;ninguna: no hay evidencia para cambiar la secuencia;requeridos y no modelados: la secuencia no marca la pregunta;confirmar el orden POLICÍA · HABLAR · QUERER como formulación natural de la pregunta (el corpus §6 no fija la sintaxis)|confirmar si la pregunta sí/no requiere marcador no manual: la secuencia no distingue pregunta de afirmación;
Q.SEG.INTERPRETE_REUNION;¿Necesita intérprete para esa reunión?;INTÉRPRETE|REUNIÓN|NECESITAR;INTÉRPRETE · REUNIÓN · NECESITAR;sí;GRAMMAR_PROVISIONAL;"corpus §6 «¿Necesita intérprete para esa reunión?» (nota: Directo; reunión no equivale automáticamente a audiencia)";;ninguna: no hay evidencia para cambiar la secuencia;requeridos y no modelados: la secuencia no marca la pregunta;confirmar el orden INTÉRPRETE · REUNIÓN · NECESITAR como formulación natural de la pregunta (el corpus §6 no fija la sintaxis)|confirmar si la pregunta sí/no requiere marcador no manual: la secuencia no distingue pregunta de afirmación;
Q.SEG.JUEZ;¿Debe presentarse ante un juez?;JUEZ|PRESENTAR;JUEZ · PRESENTAR;sí;GRAMMAR_PROVISIONAL;corpus §6 «¿Debe presentarse ante un juez?» (nota: JUEZ M3 + PRESENTAR D2024);;ninguna: no hay evidencia para cambiar la secuencia;requeridos y no modelados: la secuencia no marca la pregunta;confirmar el orden JUEZ · PRESENTAR como formulación natural de la pregunta (el corpus §6 no fija la sintaxis)|confirmar si la pregunta sí/no requiere marcador no manual: la secuencia no distingue pregunta de afirmación;
Q.SEG.LEER_ANTES_FIRMAR;¿Quiere leer el papel antes de escribir su nombre?;PAPEL|LEER|NOMBRE|ESCRIBIR|QUERER;PAPEL · LEER · NOMBRE · ESCRIBIR · QUERER;sí;GRAMMAR_PROVISIONAL;corpus §6 «¿Quiere leer el papel antes de escribir su nombre?» (nota: Firma como composición provisional);;ninguna: no hay evidencia para cambiar la secuencia;requeridos y no modelados: la secuencia no marca la pregunta;confirmar el orden PAPEL · LEER · NOMBRE · ESCRIBIR · QUERER como formulación natural de la pregunta (el corpus §6 no fija la sintaxis)|confirmar si la pregunta sí/no requiere marcador no manual: la secuencia no distingue pregunta de afirmación|confirmar la composición como unidad (Firma como composición provisional);
Q.SEG.MOTIVO;¿Qué quiere consultar?;;;sí;GRAMMAR_PENDING;ninguna;"sin secuencia LSB en ninguna fuente del repositorio; la formulación solo existe en español";ninguna: no hay evidencia para cambiar la secuencia;desconocidos;proponer la secuencia completa con una persona señante: no hay fuente en el repositorio;
Q.SEG.NUM_REFERENCIA;¿Tiene el número de referencia?;TENER;NÚM(...) · TENER;sí;GRAMMAR_PROVISIONAL;corpus §6 «¿Tiene el número de referencia?» (nota: Directo);;ninguna: no hay evidencia para cambiar la secuencia;requeridos y no modelados: la secuencia no marca la pregunta;confirmar el orden NÚM(...) · TENER como formulación natural de la pregunta (el corpus §6 no fija la sintaxis)|confirmar si la pregunta sí/no requiere marcador no manual: la secuencia no distingue pregunta de afirmación;
Q.SEG.ORGANO_JUDICIAL;¿Sabe dónde está el Órgano Judicial?;ÓRGANO_JUDICIAL|DÓNDE;ÓRGANO-JUDICIAL · ¿DÓNDE?;sí;GRAMMAR_PROVISIONAL;corpus §6 «¿Sabe dónde está el Órgano Judicial?» (nota: Directo D2024);;ninguna: no hay evidencia para cambiar la secuencia;desconocidos: ¿requiere marcador no manual de pregunta QU-?;confirmar el orden ÓRGANO-JUDICIAL · ¿DÓNDE? como formulación natural de la pregunta (el corpus §6 no fija la sintaxis)|confirmar la posición final de ¿DÓNDE? en esta construcción;
Q.SEG.RESOLUCION;¿Recibió una resolución?;RESOLUCIÓN|RECIBIR;RESOLUCIÓN · RECIBIR;sí;GRAMMAR_PROVISIONAL;corpus §6 «¿Recibió una resolución?» (nota: Directo D2024);;ninguna: no hay evidencia para cambiar la secuencia;requeridos y no modelados: la secuencia no marca la pregunta;confirmar el orden RESOLUCIÓN · RECIBIR como formulación natural de la pregunta (el corpus §6 no fija la sintaxis)|confirmar si la pregunta sí/no requiere marcador no manual: la secuencia no distingue pregunta de afirmación;
Q.SEG.RETORNO;¿Tiene que volver otro día?;VOLVER|DÍA|NECESITAR;VOLVER · DÍA · NECESITAR;sí;GRAMMAR_PROVISIONAL;corpus §6 «¿Tiene que volver otro día?» (nota: Directo);;ninguna: no hay evidencia para cambiar la secuencia;requeridos y no modelados: la secuencia no marca la pregunta;confirmar el orden VOLVER · DÍA · NECESITAR como formulación natural de la pregunta (el corpus §6 no fija la sintaxis)|confirmar si la pregunta sí/no requiere marcador no manual: la secuencia no distingue pregunta de afirmación|confirmar la posición de la expresión temporal DÍA;
Q.TES.CANTIDAD;¿Cuántos testigos hay?;TESTIGO|CUÁNTOS;TESTIGO · ¿CUÁNTOS?;sí;GRAMMAR_PROVISIONAL;corpus §6 «¿Cuántos testigos hay?» (nota: Directo D2024);;ninguna: no hay evidencia para cambiar la secuencia;desconocidos: ¿requiere marcador no manual de pregunta QU-?;confirmar el orden TESTIGO · ¿CUÁNTOS? como formulación natural de la pregunta (el corpus §6 no fija la sintaxis)|confirmar la posición final de ¿CUÁNTOS? en esta construcción;
Q.TES.EXISTE;¿Hay testigos?;TESTIGO|TENER|TESTIGO|TENER;TESTIGO · TENER || TESTIGO · TENER;sí;GRAMMAR_PROVISIONAL;corpus §6 «¿Hay testigos del robo?» (nota: TESTIGO directo D2024) || corpus §6 «¿Hay algún testigo?» (nota: Directo D2024);;ninguna: no hay evidencia para cambiar la secuencia;requeridos y no modelados: la secuencia no marca la pregunta;confirmar que la secuencia de «¿Hay testigos del robo?» sirve para la formulación del banco «¿Hay testigos?»|confirmar que la secuencia de «¿Hay algún testigo?» sirve para la formulación del banco «¿Hay testigos?»|confirmar el orden TESTIGO · TENER como formulación natural de la pregunta (el corpus §6 no fija la sintaxis)|confirmar si la pregunta sí/no requiere marcador no manual: la secuencia no distingue pregunta de afirmación;
Q.TES.PUEDE_TESTIMONIO;¿Puede dar testimonio de lo que vio?;;;sí;GRAMMAR_PENDING;ninguna;"sin secuencia LSB en ninguna fuente del repositorio; la formulación solo existe en español";ninguna: no hay evidencia para cambiar la secuencia;desconocidos;proponer la secuencia completa con una persona señante: no hay fuente en el repositorio;
Q.TES.QUE_VIO;¿Qué vio o qué quiere declarar?;;;sí;GRAMMAR_PENDING;ninguna;"sin secuencia LSB en ninguna fuente del repositorio; la formulación solo existe en español";ninguna: no hay evidencia para cambiar la secuencia;desconocidos;proponer la secuencia completa con una persona señante: no hay fuente en el repositorio;
Q.TES.TRAER;¿Puede traer al testigo?;TESTIGO|TRAER|PUEDO;TESTIGO · TRAER · PUEDO;sí;GRAMMAR_PROVISIONAL;corpus §6 «¿Puede traer al testigo?» (nota: Directo);;ninguna: no hay evidencia para cambiar la secuencia;requeridos y no modelados: la secuencia no marca la pregunta;confirmar el orden TESTIGO · TRAER · PUEDO como formulación natural de la pregunta (el corpus §6 no fija la sintaxis)|confirmar si la pregunta sí/no requiere marcador no manual: la secuencia no distingue pregunta de afirmación;
Q.TES.VIO_TODO;¿El testigo vio todo?;TESTIGO|TOTAL|VER;TESTIGO · TOTAL · VER;sí;GRAMMAR_PROVISIONAL;corpus §6 «¿El testigo vio todo?» (nota: Directo);;ninguna: no hay evidencia para cambiar la secuencia;requeridos y no modelados: la secuencia no marca la pregunta;confirmar el orden TESTIGO · TOTAL · VER como formulación natural de la pregunta (el corpus §6 no fija la sintaxis)|confirmar si la pregunta sí/no requiere marcador no manual: la secuencia no distingue pregunta de afirmación;
Q.TIE.APROX;¿Fue hoy, ayer o antes?;HOY|AYER|PASADO;HOY · AYER · PASADO;sí;GRAMMAR_PROVISIONAL;corpus §6 «¿Fue hoy, ayer o antes?» (nota: Directo);;ninguna: no hay evidencia para cambiar la secuencia;requeridos y no modelados: la secuencia no marca la pregunta;confirmar el orden HOY · AYER · PASADO como formulación natural de la pregunta (el corpus §6 no fija la sintaxis)|confirmar cómo se marca la pregunta disyuntiva («… o …»): la secuencia no marca ni la disyunción ni la pregunta|confirmar la posición de la expresión temporal HOY, AYER, PASADO;
Q.TIE.CUANDO;¿Cuándo ocurrió?;CUÁNDO|FECHA|HORA;¿CUÁNDO? · FECHA · HORA;sí;GRAMMAR_PROVISIONAL;corpus §6 «¿Cuándo ocurrió?» (nota: Directo);;ninguna: no hay evidencia para cambiar la secuencia;desconocidos: ¿requiere marcador no manual de pregunta QU-?;confirmar el orden ¿CUÁNDO? · FECHA · HORA como formulación natural de la pregunta (el corpus §6 no fija la sintaxis)|confirmar la posición inicial de ¿CUÁNDO? en esta construcción|confirmar la posición de la expresión temporal FECHA, HORA;
Q.TIE.HORA;¿A qué hora aproximadamente?;HORA|CUÁNTOS|MÁS_O_MENOS;HORA · ¿CUÁNTOS? · MÁS-O-MENOS;sí;GRAMMAR_PROVISIONAL;corpus §6 «¿A qué hora aproximadamente?» (nota: Directo);;ninguna: no hay evidencia para cambiar la secuencia;desconocidos: ¿requiere marcador no manual de pregunta QU-?;confirmar el orden HORA · ¿CUÁNTOS? · MÁS-O-MENOS como formulación natural de la pregunta (el corpus §6 no fija la sintaxis)|confirmar la posición intermedia de ¿CUÁNTOS? en esta construcción|confirmar la posición de la expresión temporal HORA;
Q.VIO.AGRESION;¿Alguien le pegó o maltrató?;PEGAR|MALTRATAR;PEGAR · MALTRATAR;sí;GRAMMAR_PROVISIONAL;corpus §6 «¿Alguien le pegó o maltrató?» (nota: Directo M1-4/D2024);;ninguna: no hay evidencia para cambiar la secuencia;requeridos y no modelados: la secuencia no marca la pregunta;confirmar el orden PEGAR · MALTRATAR como formulación natural de la pregunta (el corpus §6 no fija la sintaxis)|confirmar si la pregunta sí/no requiere marcador no manual: la secuencia no distingue pregunta de afirmación;
Q.VIO.AGRESOR;¿Quién le agredió?;;;sí;GRAMMAR_PENDING;ninguna;"sin secuencia LSB en ninguna fuente del repositorio; la formulación solo existe en español";ninguna: no hay evidencia para cambiar la secuencia;desconocidos;proponer la secuencia completa con una persona señante: no hay fuente en el repositorio;
Q.VIO.ASISTENCIA_ESPECIALIZADA;¿Desea asistencia especializada?;;;sí;GRAMMAR_PENDING;ninguna;"sin secuencia LSB en ninguna fuente del repositorio; la formulación solo existe en español (el banco solo declara el conjunto sin orden ['ASISTENCIA'])";ninguna: no hay evidencia para cambiar la secuencia;desconocidos;proponer la secuencia completa con una persona señante: no hay fuente en el repositorio;
Q.VIO.FRECUENCIA;¿Es la primera vez o pasa seguido?;;;sí;GRAMMAR_PENDING;ninguna;"sin secuencia LSB en ninguna fuente del repositorio; la formulación solo existe en español";ninguna: no hay evidencia para cambiar la secuencia;desconocidos;proponer la secuencia completa con una persona señante: no hay fuente en el repositorio;
Q.VIO.TIPO;¿Qué le hicieron?;;;sí;GRAMMAR_PENDING;ninguna;"sin secuencia LSB en ninguna fuente del repositorio; la formulación solo existe en español";ninguna: no hay evidencia para cambiar la secuencia;desconocidos;proponer la secuencia completa con una persona señante: no hay fuente en el repositorio;
