contexto;zona;preguntaActual;opcional;maxPicks;alcanzable;posicion;glosa;textoTarjeta;significado;funcionEnsamblador;camposZona;pasaFiltroSinListaBlanca;despachoUI;veredicto;destino;motivo;preguntasBanco;avatar
preguntas;interrogativa;¿Qué quieres preguntar?;False;1;True;1;DÓNDE;¿DÓNDE?;¿Dónde?;interrogative;free_text;True;selección directa;valida;;formulación propia (A/B), nunca respuesta en C;I.PREG.ELEGIR;placeholder
preguntas;interrogativa;¿Qué quieres preguntar?;False;1;True;2;QUIÉN;¿QUIÉN?;¿Quién?;interrogative;free_text;True;selección directa;valida;;formulación propia (A/B);I.PREG.ELEGIR;placeholder
preguntas;interrogativa;¿Qué quieres preguntar?;False;1;True;3;QUÉ;¿QUÉ?;¿Qué?;interrogative;free_text;True;selección directa;valida;;formulación propia (A/B);I.PREG.ELEGIR;placeholder
preguntas;interrogativa;¿Qué quieres preguntar?;False;1;True;4;CUÁNDO;¿CUÁNDO?;¿Cuándo?;interrogative;free_text;True;selección directa;valida;;formulación propia (A/B);I.PREG.ELEGIR;placeholder
preguntas;interrogativa;¿Qué quieres preguntar?;False;1;True;5;CUÁL;¿CUÁL?;¿Cuál?;interrogative;free_text;True;selección directa;valida;;formulación propia (A/B);I.PREG.ELEGIR;placeholder
preguntas;interrogativa;¿Qué quieres preguntar?;False;1;True;6;CÓMO;¿CÓMO?;¿Cómo?;interrogative;free_text;True;selección directa;valida;;formulación propia (A/B);I.PREG.ELEGIR;placeholder
preguntas;interrogativa;¿Qué quieres preguntar?;False;1;True;7;CUÁNTOS;¿CUÁNTOS?;¿Cuántos?;interrogative;free_text;True;selección directa;valida;;formulación propia (A/B);I.PREG.ELEGIR;placeholder
preguntas;lugar_pregunta;¿Dónde queda…?;True;1;True;1;FISCALIA;FISCALÍA;;institution;place;True;selección directa + teclado de deletreo/número (_admiteDetalle);valida;;;I.PREG.DONDE_QUEDA;spelled
preguntas;lugar_pregunta;¿Dónde queda…?;True;1;True;2;FELCC;FELCC;;institution;place;True;selección directa + teclado de deletreo/número (_admiteDetalle);valida;;;I.PREG.DONDE_QUEDA;spelled
preguntas;lugar_pregunta;¿Dónde queda…?;True;1;True;3;FELCV;FELCV;;institution;place;True;selección directa + teclado de deletreo/número (_admiteDetalle);valida;;;I.PREG.DONDE_QUEDA;spelled
preguntas;lugar_pregunta;¿Dónde queda…?;True;1;True;4;JUZGADO;JUZGADO;;institution;place;True;selección directa + teclado de deletreo/número (_admiteDetalle);valida;;;I.PREG.DONDE_QUEDA;spelled
preguntas;lugar_pregunta;¿Dónde queda…?;True;1;True;5;ÓRGANO_JUDICIAL;ÓRGANO JUDICIAL;Órgano Judicial;institution;place;True;selección directa;valida;;;I.PREG.DONDE_QUEDA;placeholder
preguntas;lugar_pregunta;¿Dónde queda…?;True;1;True;6;SEPDAVI;SEPDAVI;;institution;place;True;selección directa + teclado de deletreo/número (_admiteDetalle);valida;;;I.PREG.DONDE_QUEDA;spelled
preguntas;lugar_pregunta;¿Dónde queda…?;True;1;True;7;SEPDEP;SEPDEP;;institution;place;True;selección directa + teclado de deletreo/número (_admiteDetalle);valida;;;I.PREG.DONDE_QUEDA;spelled
preguntas;lugar_pregunta;¿Dónde queda…?;True;1;True;8;POLICÍA;POLICÍA;Policía;institution;place;True;selección directa;valida;;;I.PREG.DONDE_QUEDA;placeholder
preguntas;lugar_pregunta;¿Dónde queda…?;True;1;True;9;OFICINA;OFICINA;Oficina;place;place;True;selección directa;valida;;;I.PREG.DONDE_QUEDA;placeholder
preguntas;lugar_pregunta;¿Dónde queda…?;True;1;True;10;HOSPITAL;HOSPITAL;Hospital;institution;place;True;selección directa;condicional;;solo si se declaró una herida;I.PREG.DONDE_QUEDA;placeholder
preguntas;lugar_pregunta;¿Dónde queda…?;True;1;True;11;AQUÍ;AQUÍ;Aquí;place;place;True;selección directa;invalida;;«¿Dónde queda aquí?» no es una pregunta;I.PREG.DONDE_QUEDA;placeholder
preguntas;persona_pregunta;¿Con quién deseo hablar?;True;1;True;1;JUEZ;JUEZ;Juez;institution;person;False;selección directa;valida;;;I.PREG.HABLAR_CON;placeholder
preguntas;persona_pregunta;¿Con quién deseo hablar?;True;1;True;2;ABOGADO;ABOGADO;Abogado;service;person;False;selección directa;valida;;;I.PREG.HABLAR_CON;placeholder
preguntas;persona_pregunta;¿Con quién deseo hablar?;True;1;True;3;INTÉRPRETE;INTÉRPRETE;Intérprete;service;person;False;selección directa;valida;;;I.PREG.HABLAR_CON;placeholder
preguntas;persona_pregunta;¿Con quién deseo hablar?;True;1;True;4;POLICÍA;POLICÍA;Policía;institution;person;False;selección directa;valida;;;I.PREG.HABLAR_CON;placeholder
preguntas;persona_pregunta;¿Con quién deseo hablar?;True;1;True;5;OFICIAL;OFICIAL;Oficial;service;person;False;selección directa;valida;;;I.PREG.HABLAR_CON;placeholder
preguntas;persona_pregunta;¿Con quién deseo hablar?;True;1;True;6;DOCTOR;DOCTOR;Doctor;service;person;False;selección directa;condicional;;solo si se declaró una herida;I.PREG.HABLAR_CON;placeholder
preguntas;persona_pregunta;¿Con quién deseo hablar?;True;1;True;7;TESTIGO;TESTIGO;Testigo;participant;person;True;selección directa;mover;I.PREG.TRAER_TESTIGO;I.PREG.TRAER_TESTIGO;I.PREG.HABLAR_CON;placeholder
preguntas;persona_pregunta;¿Con quién deseo hablar?;True;1;True;8;AUTORIDAD;AUTORIDAD;Autoridad;institution;person;False;selección directa;valida;;;I.PREG.HABLAR_CON;placeholder
preguntas;persona_pregunta;¿Con quién deseo hablar?;True;1;True;9;ASISTENTE;ASISTENTE;Asistente;service;person;False;selección directa;valida;;;I.PREG.HABLAR_CON;placeholder
preguntas;tema_pregunta;¿Sobre qué tema es la pregunta?;True;1;True;1;INVESTIGACIÓN;INVESTIGACIÓN;Investigación;service;free_text;True;selección directa;valida;;;I.PREG.SOBRE_TEMA|Q.SEG.MOTIVO;placeholder
preguntas;tema_pregunta;¿Sobre qué tema es la pregunta?;True;1;True;2;TRÁMITE;TRÁMITE;Trámite;service;free_text;True;selección directa;valida;;;I.PREG.SOBRE_TEMA|Q.SEG.MOTIVO;placeholder
preguntas;tema_pregunta;¿Sobre qué tema es la pregunta?;True;1;True;3;RESOLUCIÓN;RESOLUCIÓN;Resolución;document;free_text;True;selección directa;valida;;;I.PREG.SOBRE_TEMA|Q.SEG.MOTIVO;placeholder
preguntas;tema_pregunta;¿Sobre qué tema es la pregunta?;True;1;True;4;CONVOCAR;CONVOCAR;Convocar;service;free_text;True;selección directa;valida;;;I.PREG.SOBRE_TEMA|Q.SEG.MOTIVO;placeholder
preguntas;tema_pregunta;¿Sobre qué tema es la pregunta?;True;1;True;5;RESULTADO;RESULTADO;Resultado;document;free_text;True;selección directa;valida;;;I.PREG.SOBRE_TEMA|Q.SEG.MOTIVO;placeholder
preguntas;tema_pregunta;¿Sobre qué tema es la pregunta?;True;1;True;6;PLAZO;PLAZO;Plazo;service;free_text;True;selección directa;valida;;;I.PREG.SOBRE_TEMA|Q.SEG.MOTIVO;placeholder
preguntas;tema_pregunta;¿Sobre qué tema es la pregunta?;True;1;True;7;CERTIFICADO;CERTIFICADO;Certificado;document;free_text;True;selección directa;valida;;;I.PREG.SOBRE_TEMA|Q.SEG.MOTIVO;placeholder
preguntas;tema_pregunta;¿Sobre qué tema es la pregunta?;True;1;True;8;CARPETA;CARPETA;Carpeta;document;free_text;True;selección directa;valida;;;I.PREG.SOBRE_TEMA|Q.SEG.MOTIVO;placeholder
preguntas;tema_pregunta;¿Sobre qué tema es la pregunta?;True;1;True;9;PAPEL;PAPEL;Papel;document;free_text;True;"hoja de aclaración; la tarjeta se añade aunque se cancele";mover;Q.DOC.ACLARAR;Q.DOC.ACLARAR;I.PREG.SOBRE_TEMA|Q.SEG.MOTIVO;placeholder
preguntas;tema_pregunta;¿Sobre qué tema es la pregunta?;True;1;True;10;FOTOCOPIA;FOTOCOPIA;Fotocopia;document;free_text;True;selección directa;valida;;;I.PREG.SOBRE_TEMA|Q.SEG.MOTIVO;placeholder
preguntas;tema_pregunta;¿Sobre qué tema es la pregunta?;True;1;True;11;FACTURA;FACTURA;Factura;document;free_text;True;selección directa;valida;;;I.PREG.SOBRE_TEMA|Q.SEG.MOTIVO;placeholder
preguntas;tema_pregunta;¿Sobre qué tema es la pregunta?;True;1;True;12;CELULAR;CELULAR;Celular;object;free_text;True;selección directa + teclado de deletreo/número (_admiteDetalle);valida;;objeto de la consulta («¿Pueden buscar mi celular?»);I.PREG.SOBRE_TEMA|Q.SEG.MOTIVO;placeholder
preguntas;tema_pregunta;¿Sobre qué tema es la pregunta?;True;1;True;13;FOTOS;FOTOS;Fotos;object;free_text;True;selección directa;valida;;;I.PREG.SOBRE_TEMA|Q.SEG.MOTIVO;placeholder
preguntas;tema_pregunta;¿Sobre qué tema es la pregunta?;True;1;True;14;VIDEO;VIDEO;Video;object;free_text;True;selección directa;valida;;;I.PREG.SOBRE_TEMA|Q.SEG.MOTIVO;placeholder
preguntas;tema_pregunta;¿Sobre qué tema es la pregunta?;True;1;True;15;SELLO;SELLO;Sello;document;free_text;True;selección directa;valida;;;I.PREG.SOBRE_TEMA|Q.SEG.MOTIVO;placeholder
preguntas;tema_pregunta;¿Sobre qué tema es la pregunta?;True;1;True;16;ASISTENCIA;ASISTENCIA;Asistencia;document;free_text;True;selección directa;valida;;;I.PREG.SOBRE_TEMA|Q.SEG.MOTIVO;placeholder
preguntas;tema_pregunta;¿Sobre qué tema es la pregunta?;True;1;True;17;JUSTICIA;JUSTICIA;Justicia;document;free_text;True;selección directa;invalida;;no introduce un tema consultable concreto;I.PREG.SOBRE_TEMA|Q.SEG.MOTIVO;placeholder
preguntas;tema_pregunta;¿Sobre qué tema es la pregunta?;True;1;True;18;LEY;LEY;Ley;document;free_text;True;selección directa;invalida;;no introduce un tema consultable concreto;I.PREG.SOBRE_TEMA|Q.SEG.MOTIVO;placeholder
preguntas;tiempo_pregunta;¿Cuándo debo volver o cuánto esperar?;True;1;True;1;VOLVER;VOLVER;Volver;action;time;False;selección directa;valida;;acción sobre la que se pregunta;I.PREG.CUANDO|I.PREG.CUANTO;placeholder
preguntas;tiempo_pregunta;¿Cuándo debo volver o cuánto esperar?;True;1;True;2;ESPERAR;ESPERAR;Esperar;action;time;False;selección directa;valida;;acción sobre la que se pregunta;I.PREG.CUANDO|I.PREG.CUANTO;placeholder
preguntas;tiempo_pregunta;¿Cuándo debo volver o cuánto esperar?;True;1;True;3;AVISAR;AVISAR;Avisar;action;time;False;selección directa;valida;;acción sobre la que se pregunta;I.PREG.CUANDO|I.PREG.CUANTO;placeholder
preguntas;tiempo_pregunta;¿Cuándo debo volver o cuánto esperar?;True;1;True;4;HOY;HOY;Hoy;time;time;True;selección directa;mover;;pregunta cerrada «¿Debo volver hoy?» (no «¿cuándo?»);I.PREG.CUANDO|I.PREG.CUANTO;placeholder
preguntas;tiempo_pregunta;¿Cuándo debo volver o cuánto esperar?;True;1;True;5;MAÑANA;MAÑANA;Mañana;time;time;True;selección directa;mover;;pregunta cerrada «¿Debo volver mañana?»;I.PREG.CUANDO|I.PREG.CUANTO;placeholder
preguntas;tiempo_pregunta;¿Cuándo debo volver o cuánto esperar?;True;1;True;6;PRÓXIMO;PRÓXIMO;Próximo;time;time;True;selección directa;modificador;;PRÓXIMO + SEMANA/MES;I.PREG.CUANDO|I.PREG.CUANTO;placeholder
preguntas;tiempo_pregunta;¿Cuándo debo volver o cuánto esperar?;True;1;True;7;DÍA;DÍA;Día;time;time;True;selección directa;valida;;unidad de «¿cuántos días…?»;I.PREG.CUANDO|I.PREG.CUANTO;placeholder
preguntas;tiempo_pregunta;¿Cuándo debo volver o cuánto esperar?;True;1;True;8;SEMANA;SEMANA;Semana;time;time;True;selección directa;valida;;unidad;I.PREG.CUANDO|I.PREG.CUANTO;placeholder
preguntas;tiempo_pregunta;¿Cuándo debo volver o cuánto esperar?;True;1;True;9;MES;MES;Mes;time;time;True;selección directa;valida;;unidad;I.PREG.CUANDO|I.PREG.CUANTO;placeholder
preguntas;tiempo_pregunta;¿Cuándo debo volver o cuánto esperar?;True;1;True;10;HORA;HORA;Hora;time;time;True;selección directa;valida;;unidad;I.PREG.CUANDO|I.PREG.CUANTO;placeholder
preguntas;tiempo_pregunta;¿Cuándo debo volver o cuánto esperar?;True;1;True;11;FECHA;FECHA;Fecha;time;time;True;selección directa;formulacion;;;I.PREG.CUANDO|I.PREG.CUANTO;placeholder
preguntas;cantidad_pregunta;¿Cuántos?;True;1;False;1;1;1;;action;amount;False;selección directa;inalcanzable;;zona encadenada que nunca se activa;I.PREG.CUANTO;declarada_en_resolutor
preguntas;cantidad_pregunta;¿Cuántos?;True;1;False;2;2;2;;action;amount;False;selección directa;inalcanzable;;;I.PREG.CUANTO;declarada_en_resolutor
preguntas;cantidad_pregunta;¿Cuántos?;True;1;False;3;3;3;;action;amount;False;selección directa;inalcanzable;;;I.PREG.CUANTO;declarada_en_resolutor
preguntas;cantidad_pregunta;¿Cuántos?;True;1;False;4;4;4;;action;amount;False;selección directa;inalcanzable;;;I.PREG.CUANTO;declarada_en_resolutor
preguntas;cantidad_pregunta;¿Cuántos?;True;1;False;5;5;5;;action;amount;False;selección directa;inalcanzable;;;I.PREG.CUANTO;declarada_en_resolutor
preguntas;cantidad_pregunta;¿Cuántos?;True;1;False;6;6;6;;action;amount;False;selección directa;inalcanzable;;;I.PREG.CUANTO;declarada_en_resolutor
preguntas;cantidad_pregunta;¿Cuántos?;True;1;False;7;7;7;;action;amount;False;selección directa;inalcanzable;;;I.PREG.CUANTO;declarada_en_resolutor
preguntas;cantidad_pregunta;¿Cuántos?;True;1;False;8;8;8;;action;amount;False;selección directa;inalcanzable;;;I.PREG.CUANTO;declarada_en_resolutor
preguntas;cantidad_pregunta;¿Cuántos?;True;1;False;9;9;9;;action;amount;False;selección directa;inalcanzable;;;I.PREG.CUANTO;declarada_en_resolutor
identificacion;identidad;¿Cuál es su nombre e identidad?;False;3;True;1;NOMBRE;NOMBRE;Nombre;marker;person;True;selección directa + teclado de deletreo/número (_admiteDetalle);valida;;editor texto_nombre;Q.ID.NOMBRE|Q.ID.DOC_TIPO;placeholder
identificacion;identidad;¿Cuál es su nombre e identidad?;False;3;True;2;PAPEL;PAPEL;Papel;document;person;False;"hoja de aclaración; la tarjeta se añade aunque se cancele";mover;Q.DOC.ACLARAR;Q.DOC.ACLARAR;Q.ID.NOMBRE|Q.ID.DOC_TIPO;placeholder
identificacion;identidad;¿Cuál es su nombre e identidad?;False;3;True;3;IDENTIDAD;IDENTIDAD;Identidad;marker;person;True;"hoja de aclaración; la tarjeta se añade aunque se cancele";valida;;carnet (PAPEL·IDENTIDAD);Q.ID.NOMBRE|Q.ID.DOC_TIPO;placeholder
identificacion;identidad;¿Cuál es su nombre e identidad?;False;3;True;4;SORDO;SORDO;Sordo;participant;person;True;selección directa;mover;Q.ACC.SORDO;Q.ACC.SORDO;Q.ID.NOMBRE|Q.ID.DOC_TIPO;placeholder
identificacion;identidad;¿Cuál es su nombre e identidad?;False;3;True;5;LEER;LEER;Leer;action;person;False;selección directa;mover;Q.ACC.LECTURA;Q.ACC.LECTURA;Q.ID.NOMBRE|Q.ID.DOC_TIPO;placeholder
identificacion;identidad;¿Cuál es su nombre e identidad?;False;3;True;6;POCO;POCO;Poco;trait;person;True;selección directa;modificador;;LEER POCO;Q.ID.NOMBRE|Q.ID.DOC_TIPO;placeholder
identificacion;identidad;¿Cuál es su nombre e identidad?;False;3;True;7;INTÉRPRETE;INTÉRPRETE;Intérprete;service;person;False;selección directa;mover;Q.ACC.INTERPRETE;Q.ACC.INTERPRETE;Q.ID.NOMBRE|Q.ID.DOC_TIPO;placeholder
identificacion;contacto;¿Cómo prefiere que le contactemos?;True;2;True;1;CELULAR;CELULAR;Celular;object;object;True;selección directa + teclado de deletreo/número (_admiteDetalle);valida;;editor telefono;Q.ID.TELEFONO_PROPIO|Q.ID.AVISO;placeholder
identificacion;contacto;¿Cómo prefiere que le contactemos?;True;2;True;2;ESCRIBIR;ESCRIBIR;Escribir;action;object;False;"texto libre «¿Qué otro elemento tienes?»; cancelar no añade";valida;;preferencia «mensaje escrito» (Q.ID.AVISO);Q.ID.TELEFONO_PROPIO|Q.ID.AVISO;placeholder
identificacion;contacto;¿Cómo prefiere que le contactemos?;True;2;True;3;ENVIAR;ENVIAR;Enviar;action;object;False;selección directa;formulacion;;;Q.ID.TELEFONO_PROPIO|Q.ID.AVISO;placeholder
identificacion;contacto;¿Cómo prefiere que le contactemos?;True;2;True;4;AVISAR;AVISAR;Avisar;action;object;False;selección directa;formulacion;;;Q.ID.TELEFONO_PROPIO|Q.ID.AVISO;placeholder
identificacion;contacto;¿Cómo prefiere que le contactemos?;True;2;True;5;MEJOR;MEJOR;Mejor;trait;object;False;selección directa;formulacion;;;Q.ID.TELEFONO_PROPIO|Q.ID.AVISO;placeholder
identificacion;contacto;¿Cómo prefiere que le contactemos?;True;2;True;6;DIRECCIÓN;DIRECCIÓN;Dirección;place;object;False;selección directa;mover;I.DECL.CAMBIO_CONTACTO;I.DECL.CAMBIO_CONTACTO;Q.ID.TELEFONO_PROPIO|Q.ID.AVISO;placeholder
identificacion;contacto;¿Cómo prefiere que le contactemos?;True;2;True;7;CAMBIAR;CAMBIAR;Cambiar;action;object;False;selección directa;mover;I.DECL.CAMBIO_CONTACTO;I.DECL.CAMBIO_CONTACTO;Q.ID.TELEFONO_PROPIO|Q.ID.AVISO;placeholder
identificacion;acompanante;¿Vino solo o acompañado?;True;1;True;1;ACOMPAÑAR;ACOMPAÑAR;Acompañar;action;person;False;selección directa;valida;;;Q.ID.ACOMPANANTE|Q.ID.ACOMPANANTE_QUIEN;placeholder
identificacion;acompanante;¿Vino solo o acompañado?;True;1;True;2;AMIGO;AMIGO;Amigo;participant;person;True;selección directa;valida;;;Q.ID.ACOMPANANTE|Q.ID.ACOMPANANTE_QUIEN;placeholder
identificacion;acompanante;¿Vino solo o acompañado?;True;1;True;3;HERMANO;HERMANO;Hermano;participant;person;True;selección directa;valida;;;Q.ID.ACOMPANANTE|Q.ID.ACOMPANANTE_QUIEN;placeholder
identificacion;acompanante;¿Vino solo o acompañado?;True;1;True;4;HERMANA;HERMANA;Hermana;participant;person;True;selección directa;valida;;;Q.ID.ACOMPANANTE|Q.ID.ACOMPANANTE_QUIEN;placeholder
identificacion;acompanante;¿Vino solo o acompañado?;True;1;True;5;MAMÁ;MAMÁ;Mamá;participant;person;True;selección directa;valida;;;Q.ID.ACOMPANANTE|Q.ID.ACOMPANANTE_QUIEN;placeholder
identificacion;acompanante;¿Vino solo o acompañado?;True;1;True;6;HIJO;HIJO;Hijo;participant;person;True;selección directa;valida;;;Q.ID.ACOMPANANTE|Q.ID.ACOMPANANTE_QUIEN;placeholder
identificacion;acompanante;¿Vino solo o acompañado?;True;1;True;7;HIJA;HIJA;Hija;participant;person;True;selección directa;valida;;;Q.ID.ACOMPANANTE|Q.ID.ACOMPANANTE_QUIEN;placeholder
identificacion;acompanante;¿Vino solo o acompañado?;True;1;True;8;INTÉRPRETE;INTÉRPRETE;Intérprete;service;person;False;selección directa;valida;;;Q.ID.ACOMPANANTE|Q.ID.ACOMPANANTE_QUIEN;placeholder
identificacion;acompanante;¿Vino solo o acompañado?;True;1;True;9;1;1;;action;person;False;selección directa;valida;;"NÚM(1) = «vine solo/a»; la tarjeta debe rotularse «Solo/a»";Q.ID.ACOMPANANTE|Q.ID.ACOMPANANTE_QUIEN;declarada_en_resolutor
identificacion;edad;¿Qué edad tiene?;True;1;True;1;EDAD;EDAD;Edad;marker;person;True;selección directa + teclado de deletreo/número (_admiteDetalle);formulacion;;abre el editor numérico, no es la respuesta;Q.ID.EDAD_PROPIA;placeholder
identificacion;edad;¿Qué edad tiene?;True;1;True;2;JOVEN;JOVEN;Joven;participant;person;True;selección directa;invalida;;no es una edad;Q.ID.EDAD_PROPIA;placeholder
identificacion;edad;¿Qué edad tiene?;True;1;True;3;ADULTO;ADULTO;Adulto;participant;person;True;selección directa;invalida;;no es una edad;Q.ID.EDAD_PROPIA;placeholder
denuncia_robo;hecho;¿Qué le ocurrió?;False;2;True;1;ROBAR;ROBAR;Robar;action;free_text;True;selección directa;valida;;;Q.HEC.QUE_OCURRIO;placeholder
denuncia_robo;hecho;¿Qué le ocurrió?;False;2;True;2;PERDER;PERDER;Perder;action;free_text;True;"hoja de aclaración; la tarjeta se añade aunque se cancele";valida;;abre Q.HEC.PERDIDA_TIPO;Q.HEC.QUE_OCURRIO;placeholder
denuncia_robo;hecho;¿Qué le ocurrió?;False;2;True;3;ESCAPAR;ESCAPAR;Escapar;action;free_text;True;"hoja de aclaración; la tarjeta se añade aunque se cancele";valida;;segundo hecho con Q.HEC.ESCAPE_ACTOR;Q.HEC.QUE_OCURRIO;placeholder
denuncia_robo;hecho;¿Qué le ocurrió?;False;2;True;4;DAÑAR;DAÑAR;Dañar;action;free_text;True;selección directa;valida;;;Q.HEC.QUE_OCURRIO;placeholder
denuncia_robo;hecho;¿Qué le ocurrió?;False;2;True;5;ENGAÑAR;ENGAÑAR;Engañar;action;free_text;True;selección directa;valida;;reencamina a dinero si hubo dinero;Q.HEC.QUE_OCURRIO;placeholder
denuncia_robo;objetos;¿Qué objetos están involucrados?;False;8;True;1;CELULAR;CELULAR;Celular;object;object;True;"hoja «¿Qué pasó con…?»; se añade aunque se cancele";valida;;;Q.ROB.QUE;placeholder
denuncia_robo;objetos;¿Qué objetos están involucrados?;False;8;True;2;BILLETES;BILLETES;Billetes;object;object;True;"editor de monto (rol 'stolen'); se añade aunque se cancele";valida;;editor monto;Q.ROB.QUE;placeholder
denuncia_robo;objetos;¿Qué objetos están involucrados?;False;8;True;3;MOCHILA;MOCHILA;Mochila;object;object;True;"hoja de aclaración; la tarjeta se añade aunque se cancele";valida;;;Q.ROB.QUE;placeholder
denuncia_robo;objetos;¿Qué objetos están involucrados?;False;8;True;4;BOLSA;BOLSA;Bolsa;object;object;True;"hoja de aclaración; la tarjeta se añade aunque se cancele";valida;;;Q.ROB.QUE;placeholder
denuncia_robo;objetos;¿Qué objetos están involucrados?;False;8;True;5;PAPEL;PAPEL;Papel;document;object;True;"hoja de aclaración; la tarjeta se añade aunque se cancele";mover;Q.DOC.ACLARAR;Q.DOC.ACLARAR;Q.ROB.QUE;placeholder
denuncia_robo;objetos;¿Qué objetos están involucrados?;False;8;True;6;IDENTIDAD;IDENTIDAD;Identidad;marker;object;True;"hoja de aclaración; la tarjeta se añade aunque se cancele";valida;;carnet;Q.ROB.QUE;placeholder
denuncia_robo;objetos;¿Qué objetos están involucrados?;False;8;True;7;FACTURA;FACTURA;Factura;document;object;True;"hoja «¿Qué pasó con…?»; se añade aunque se cancele";mover;Q.EVI.FACTURA;Q.EVI.FACTURA;Q.ROB.QUE;placeholder
denuncia_robo;objetos;¿Qué objetos están involucrados?;False;8;True;8;CAJA;CAJA;Caja;object;object;True;"hoja de aclaración; la tarjeta se añade aunque se cancele";valida;;;Q.ROB.QUE;placeholder
denuncia_robo;objetos;¿Qué objetos están involucrados?;False;8;True;9;CHAMARRA;CHAMARRA;Chamarra;object;object;True;"hoja «¿Qué pasó con…?»; se añade aunque se cancele";valida;;;Q.ROB.QUE;placeholder
denuncia_robo;objetos;¿Qué objetos están involucrados?;False;8;True;10;GORRA;GORRA;Gorra;object;object;True;"hoja «¿Qué pasó con…?»; se añade aunque se cancele";valida;;;Q.ROB.QUE;placeholder
denuncia_robo;objetos;¿Qué objetos están involucrados?;False;8;True;11;LENTES;LENTES;Lentes;object;object;True;"hoja «¿Qué pasó con…?»; se añade aunque se cancele";valida;;;Q.ROB.QUE;placeholder
denuncia_robo;objetos;¿Qué objetos están involucrados?;False;8;True;12;MICRO;MICRO;Micro;object;object;True;"hoja de aclaración; la tarjeta se añade aunque se cancele";valida;;vehículo robado (si es el lugar, Q.LUG.DONDE);Q.ROB.QUE;placeholder
denuncia_robo;objetos;¿Qué objetos están involucrados?;False;8;True;13;TRUFI;TRUFI;Trufi;object;object;True;"hoja de aclaración; la tarjeta se añade aunque se cancele";valida;;vehículo robado (si es el lugar, Q.LUG.DONDE);Q.ROB.QUE;placeholder
denuncia_robo;persona;¿Puede describir a la persona involucrada?;True;6;True;1;HOMBRE;HOMBRE;Hombre;participant;person;True;"asistente género/edad/rasgos/ropa (rol 'suspect'); se añade aunque se cancele";condicional;;solo si el funcionario lo pregunta o la persona elige describir;Q.PER.DESC.SEXO;placeholder
denuncia_robo;persona;¿Puede describir a la persona involucrada?;True;6;True;2;MUJER;MUJER;Mujer;participant;person;True;"asistente género/edad/rasgos/ropa (rol 'suspect'); se añade aunque se cancele";condicional;;ídem;Q.PER.DESC.SEXO;placeholder
denuncia_robo;conocimiento;¿Conoce a esa persona?;True;1;True;1;SÍ;SÍ;Sí;marker;polarity|person;True;selección directa;valida;;;Q.PER.CONOCE|Q.PER.VINCULO;declarada_en_resolutor
denuncia_robo;conocimiento;¿Conoce a esa persona?;True;1;True;2;NO;NO;No;marker;polarity|person;True;selección directa;valida;;;Q.PER.CONOCE|Q.PER.VINCULO;declarada_en_resolutor
denuncia_robo;conocimiento;¿Conoce a esa persona?;True;1;True;3;NO_SABER;NO SABER;No saber;marker;polarity|person;True;selección directa;valida;;;Q.PER.CONOCE|Q.PER.VINCULO;placeholder
denuncia_robo;conocimiento;¿Conoce a esa persona?;True;1;True;4;AMIGO;AMIGO;Amigo;participant;polarity|person;True;selección directa;mover;Q.PER.VINCULO;Q.PER.VINCULO;Q.PER.CONOCE|Q.PER.VINCULO;placeholder
denuncia_robo;conocimiento;¿Conoce a esa persona?;True;1;True;5;PAREJA;PAREJA;Pareja;participant;polarity|person;True;selección directa;mover;Q.PER.VINCULO;Q.PER.VINCULO;Q.PER.CONOCE|Q.PER.VINCULO;placeholder
denuncia_robo;conocimiento;¿Conoce a esa persona?;True;1;True;6;PARIENTE;PARIENTE;Pariente;participant;polarity|person;True;selección directa;mover;Q.PER.VINCULO;Q.PER.VINCULO;Q.PER.CONOCE|Q.PER.VINCULO;placeholder
denuncia_robo;conocimiento;¿Conoce a esa persona?;True;1;True;7;HERMANO;HERMANO;Hermano;participant;polarity|person;True;selección directa;mover;Q.PER.VINCULO;Q.PER.VINCULO;Q.PER.CONOCE|Q.PER.VINCULO;placeholder
denuncia_robo;lugar;¿Dónde ocurrió?;False;1;True;1;CALLE;CALLE;Calle;place;place;True;"editor de lugar; se añade aunque se cancele";valida;;editor lugar_literal;Q.LUG.DONDE|Q.LUG.RELACION|Q.LUG.DENTRO_FUERA;placeholder
denuncia_robo;lugar;¿Dónde ocurrió?;False;1;True;2;AVENIDA;AVENIDA;Avenida;place;place;True;"editor de lugar; se añade aunque se cancele";valida;;editor lugar_literal;Q.LUG.DONDE|Q.LUG.RELACION|Q.LUG.DENTRO_FUERA;placeholder
denuncia_robo;lugar;¿Dónde ocurrió?;False;1;True;3;PLAZA;PLAZA;Plaza;place;place;True;"editor de lugar; se añade aunque se cancele";valida;;editor lugar_literal;Q.LUG.DONDE|Q.LUG.RELACION|Q.LUG.DENTRO_FUERA;placeholder
denuncia_robo;lugar;¿Dónde ocurrió?;False;1;True;4;MERCADO;MERCADO;Mercado;place;place;True;"editor de lugar; se añade aunque se cancele";valida;;editor lugar_literal;Q.LUG.DONDE|Q.LUG.RELACION|Q.LUG.DENTRO_FUERA;placeholder
denuncia_robo;lugar;¿Dónde ocurrió?;False;1;True;5;BARRIO;BARRIO;Barrio;place;place;True;"editor de lugar; se añade aunque se cancele";valida;;editor lugar_literal;Q.LUG.DONDE|Q.LUG.RELACION|Q.LUG.DENTRO_FUERA;placeholder
denuncia_robo;lugar;¿Dónde ocurrió?;False;1;True;6;TIENDA;TIENDA;Tienda;place;place;True;"editor de lugar; se añade aunque se cancele";valida;;editor lugar_literal;Q.LUG.DONDE|Q.LUG.RELACION|Q.LUG.DENTRO_FUERA;placeholder
denuncia_robo;lugar;¿Dónde ocurrió?;False;1;True;7;CASA;CASA;Casa;place;place;True;"editor de lugar; se añade aunque se cancele";valida;;;Q.LUG.DONDE|Q.LUG.RELACION|Q.LUG.DENTRO_FUERA;placeholder
denuncia_robo;lugar;¿Dónde ocurrió?;False;1;True;8;COCHABAMBA;COCHABAMBA;Cochabamba;place;place;True;"editor de lugar; se añade aunque se cancele";valida;;;Q.LUG.DONDE|Q.LUG.RELACION|Q.LUG.DENTRO_FUERA;placeholder
denuncia_robo;lugar;¿Dónde ocurrió?;False;1;True;9;DENTRO;DENTRO;Dentro;place;place;True;"editor de lugar; se añade aunque se cancele";mover;Q.LUG.DENTRO_FUERA;Q.LUG.DENTRO_FUERA;Q.LUG.DONDE|Q.LUG.RELACION|Q.LUG.DENTRO_FUERA;placeholder
denuncia_robo;lugar;¿Dónde ocurrió?;False;1;True;10;FUERA;FUERA;Fuera;place;place;True;"editor de lugar; se añade aunque se cancele";mover;Q.LUG.DENTRO_FUERA;Q.LUG.DENTRO_FUERA;Q.LUG.DONDE|Q.LUG.RELACION|Q.LUG.DENTRO_FUERA;placeholder
denuncia_robo;lugar;¿Dónde ocurrió?;False;1;True;11;CERCA;CERCA;Cerca;place;place;True;"editor de lugar; se añade aunque se cancele";mover;Q.LUG.RELACION;Q.LUG.RELACION;Q.LUG.DONDE|Q.LUG.RELACION|Q.LUG.DENTRO_FUERA;placeholder
denuncia_robo;lugar;¿Dónde ocurrió?;False;1;True;12;LEJOS;LEJOS;Lejos;place;place;True;"editor de lugar; se añade aunque se cancele";mover;Q.LUG.RELACION;Q.LUG.RELACION;Q.LUG.DONDE|Q.LUG.RELACION|Q.LUG.DENTRO_FUERA;placeholder
denuncia_robo;lugar;¿Dónde ocurrió?;False;1;True;13;AL_LADO;EL;El;place;place;True;"editor de lugar; se añade aunque se cancele";mover;Q.LUG.RELACION;Q.LUG.RELACION (tarjeta rotulada «EL»);Q.LUG.DONDE|Q.LUG.RELACION|Q.LUG.DENTRO_FUERA;placeholder
denuncia_robo;lugar;¿Dónde ocurrió?;False;1;True;14;MICRO;MICRO;Micro;object;place;False;"hoja de aclaración; la tarjeta se añade aunque se cancele";valida;;transporte como lugar;Q.LUG.DONDE|Q.LUG.RELACION|Q.LUG.DENTRO_FUERA;placeholder
denuncia_robo;lugar;¿Dónde ocurrió?;False;1;True;15;TRUFI;TRUFI;Trufi;object;place;False;"hoja de aclaración; la tarjeta se añade aunque se cancele";valida;;transporte como lugar;Q.LUG.DONDE|Q.LUG.RELACION|Q.LUG.DENTRO_FUERA;placeholder
denuncia_robo;tiempo;¿Cuándo ocurrió el hecho?;True;1;True;1;AHORA;AHORA;Ahora;time;time;True;selección directa;valida;;;Q.TIE.CUANDO;placeholder
denuncia_robo;tiempo;¿Cuándo ocurrió el hecho?;True;1;True;2;HOY;HOY;Hoy;time;time;True;selección directa;valida;;;Q.TIE.CUANDO;placeholder
denuncia_robo;tiempo;¿Cuándo ocurrió el hecho?;True;1;True;3;AYER;AYER;Ayer;time;time;True;selección directa;valida;;;Q.TIE.CUANDO;placeholder
denuncia_robo;tiempo;¿Cuándo ocurrió el hecho?;True;1;True;4;ANTEAYER;ANTEAYER;Anteayer;time;time;True;selección directa;valida;;;Q.TIE.CUANDO;placeholder
denuncia_robo;tiempo;¿Cuándo ocurrió el hecho?;True;1;True;5;TARDE;TARDE;Tarde;time;time;True;selección directa;valida;;;Q.TIE.CUANDO;placeholder
denuncia_robo;tiempo;¿Cuándo ocurrió el hecho?;True;1;True;6;TEMPRANO;TEMPRANO;Temprano;time;time;True;selección directa;valida;;;Q.TIE.CUANDO;placeholder
denuncia_robo;tiempo;¿Cuándo ocurrió el hecho?;True;1;True;7;HORA;HORA;Hora;time;time;True;selección directa;valida;;editor entero (hace N horas);Q.TIE.CUANDO;placeholder
denuncia_robo;tiempo;¿Cuándo ocurrió el hecho?;True;1;True;8;MINUTO;MINUTO;Minuto;time;time;True;selección directa;valida;;editor entero;Q.TIE.CUANDO;placeholder
denuncia_robo;tiempo;¿Cuándo ocurrió el hecho?;True;1;True;9;DÍA;DÍA;Día;time;time;True;selección directa;valida;;editor entero;Q.TIE.CUANDO;placeholder
denuncia_robo;tiempo;¿Cuándo ocurrió el hecho?;True;1;True;10;SEMANA;SEMANA;Semana;time;time;True;selección directa;valida;;editor entero;Q.TIE.CUANDO;placeholder
denuncia_robo;tiempo;¿Cuándo ocurrió el hecho?;True;1;True;11;MES;MES;Mes;time;time;True;selección directa;valida;;editor entero;Q.TIE.CUANDO;placeholder
denuncia_robo;tiempo;¿Cuándo ocurrió el hecho?;True;1;True;12;NO_SABER;NO SABER;No saber;marker;time;True;selección directa;valida;;;Q.TIE.CUANDO;placeholder
denuncia_robo;testigos;¿Hay testigos?;True;1;True;1;SÍ;SÍ;Sí;marker;polarity|person;True;selección directa;valida;;;Q.TES.EXISTE;declarada_en_resolutor
denuncia_robo;testigos;¿Hay testigos?;True;1;True;2;NO;NO;No;marker;polarity|person;True;selección directa;valida;;;Q.TES.EXISTE;declarada_en_resolutor
denuncia_robo;testigos;¿Hay testigos?;True;1;True;3;NO_SABER;NO SABER;No saber;marker;polarity|person;True;selección directa;valida;;;Q.TES.EXISTE;placeholder
denuncia_robo;evidencia;¿Tiene fotos, video u otro elemento de prueba?;True;6;True;1;FOTOS;FOTOS;Fotos;object;evidence;True;selección directa;valida;;;Q.EVI.QUE_TIENE|Q.EVI.TIPOS;placeholder
denuncia_robo;evidencia;¿Tiene fotos, video u otro elemento de prueba?;True;6;True;2;VIDEO;VIDEO;Video;object;evidence;True;selección directa;valida;;;Q.EVI.QUE_TIENE|Q.EVI.TIPOS;placeholder
denuncia_robo;evidencia;¿Tiene fotos, video u otro elemento de prueba?;True;6;True;3;FACTURA;FACTURA;Factura;document;evidence;True;selección directa;valida;;;Q.EVI.QUE_TIENE|Q.EVI.TIPOS;placeholder
denuncia_robo;evidencia;¿Tiene fotos, video u otro elemento de prueba?;True;6;True;4;ESCRIBIR;ESCRIBIR;Escribir;action;evidence;False;"texto libre «¿Qué otro elemento tienes?»; cancelar no añade";valida;;editor texto_detalle (rotular «Otro (escribir)»);Q.EVI.QUE_TIENE|Q.EVI.TIPOS;placeholder
denuncia_robo;emergencia;¿Está herido o necesita atención médica?;True;2;True;1;HERIDA;HERIDA;Herida;state;polarity|free_text;True;selección directa;condicional;;solo con agresión declarada;Q.SAL.HERIDO|Q.SAL.ASISTENCIA|Q.RIE.AUXILIO;placeholder
denuncia_robo;emergencia;¿Está herido o necesita atención médica?;True;2;True;2;DOLOR;DOLOR;Dolor;state;polarity|free_text;True;selección directa;condicional;;solo con agresión declarada;Q.SAL.HERIDO|Q.SAL.ASISTENCIA|Q.RIE.AUXILIO;placeholder
denuncia_robo;emergencia;¿Está herido o necesita atención médica?;True;2;True;3;HOSPITAL;HOSPITAL;Hospital;institution;polarity|free_text;True;selección directa;condicional;;Q.SAL.HOSPITAL;Q.SAL.HERIDO|Q.SAL.ASISTENCIA|Q.RIE.AUXILIO;placeholder
denuncia_robo;emergencia;¿Está herido o necesita atención médica?;True;2;True;4;DOCTOR;DOCTOR;Doctor;service;polarity|free_text;True;selección directa;condicional;;Q.SAL.ASISTENCIA;Q.SAL.HERIDO|Q.SAL.ASISTENCIA|Q.RIE.AUXILIO;placeholder
denuncia_robo;emergencia;¿Está herido o necesita atención médica?;True;2;True;5;CERTIFICADO;CERTIFICADO;Certificado;document;polarity|free_text;True;selección directa;mover;Q.SAL.CERTIFICADO;Q.SAL.CERTIFICADO;Q.SAL.HERIDO|Q.SAL.ASISTENCIA|Q.RIE.AUXILIO;placeholder
denuncia_robo;emergencia;¿Está herido o necesita atención médica?;True;2;True;6;AUXILIO;AUXILIO;Auxilio;state;polarity|free_text;True;selección directa;valida;;salida urgente siempre accesible;Q.SAL.HERIDO|Q.SAL.ASISTENCIA|Q.RIE.AUXILIO;placeholder
denuncia_robo;emergencia;¿Está herido o necesita atención médica?;True;2;True;7;SÍ;SÍ;Sí;marker;polarity|free_text;True;selección directa;invalida;;pregunta compuesta — «sí» no dice si está herido o si pide atención;Q.SAL.HERIDO|Q.SAL.ASISTENCIA|Q.RIE.AUXILIO;declarada_en_resolutor
denuncia_robo;emergencia;¿Está herido o necesita atención médica?;True;2;True;8;NO;NO;No;marker;polarity|free_text;True;selección directa;invalida;;pregunta compuesta;Q.SAL.HERIDO|Q.SAL.ASISTENCIA|Q.RIE.AUXILIO;declarada_en_resolutor
denuncia_robo;denuncia;¿Desea presentar una denuncia formal?;True;1;True;1;SÍ;SÍ;Sí;marker;polarity|free_text;True;selección directa;valida;;;Q.DEN.INTENCION;declarada_en_resolutor
denuncia_robo;denuncia;¿Desea presentar una denuncia formal?;True;1;True;2;NO;NO;No;marker;polarity|free_text;True;selección directa;valida;;;Q.DEN.INTENCION;declarada_en_resolutor
denuncia_robo;denuncia;¿Desea presentar una denuncia formal?;True;1;True;3;NO_SABER;NO SABER;No saber;marker;polarity|free_text;True;selección directa;valida;;;Q.DEN.INTENCION;placeholder
denuncia_robo;denuncia;¿Desea presentar una denuncia formal?;True;1;True;4;AHORA;AHORA;Ahora;time;polarity|free_text;True;selección directa;valida;;rotular «Sí, ahora»;Q.DEN.INTENCION;placeholder
denuncia_robo;apoyo_legal;¿Necesita apoyo legal?;True;1;True;1;ABOGADO;ABOGADO;Abogado;service;institution;True;selección directa;valida;;;Q.APO.LEGAL|Q.APO.TIPO;placeholder
denuncia_robo;apoyo_legal;¿Necesita apoyo legal?;True;1;True;2;INTÉRPRETE;INTÉRPRETE;Intérprete;service;institution;True;selección directa;mover;Q.ACC.INTERPRETE;Q.ACC.INTERPRETE;Q.APO.LEGAL|Q.APO.TIPO;placeholder
denuncia_robo;apoyo_legal;¿Necesita apoyo legal?;True;1;True;3;SEPDAVI;SEPDAVI;;institution;institution;True;selección directa + teclado de deletreo/número (_admiteDetalle);valida;;;Q.APO.LEGAL|Q.APO.TIPO;spelled
denuncia_robo;apoyo_legal;¿Necesita apoyo legal?;True;1;True;4;SEPDEP;SEPDEP;;institution;institution;True;selección directa + teclado de deletreo/número (_admiteDetalle);invalida;;defensa pública penal para la persona imputada, no para la víctima;Q.APO.LEGAL|Q.APO.TIPO;spelled
denuncia_robo;apoyo_legal;¿Necesita apoyo legal?;True;1;True;5;GRATIS;GRATIS;Gratis;trait;institution;False;selección directa;modificador;;ABOGADO GRATIS;Q.APO.LEGAL|Q.APO.TIPO;placeholder
denuncia_robo;apoyo_legal;¿Necesita apoyo legal?;True;1;True;6;AYUDAR;AYUDAR;Ayudar;action;institution;False;selección directa;invalida;;no especifica el apoyo;Q.APO.LEGAL|Q.APO.TIPO;placeholder
denuncia_robo;apoyo_legal;¿Necesita apoyo legal?;True;1;True;7;SÍ;SÍ;Sí;marker;institution;False;selección directa;valida;;;Q.APO.LEGAL|Q.APO.TIPO;declarada_en_resolutor
denuncia_robo;apoyo_legal;¿Necesita apoyo legal?;True;1;True;8;NO;NO;No;marker;institution;False;selección directa;valida;;;Q.APO.LEGAL|Q.APO.TIPO;declarada_en_resolutor
denuncia_robo;institucion;¿Ante qué autoridad desea presentar la denuncia?;True;1;True;1;POLICÍA;POLICÍA;Policía;institution;institution;True;selección directa;valida;;;Q.DEN.AUTORIDAD;placeholder
denuncia_robo;institucion;¿Ante qué autoridad desea presentar la denuncia?;True;1;True;2;FELCC;FELCC;;institution;institution;True;selección directa + teclado de deletreo/número (_admiteDetalle);valida;;;Q.DEN.AUTORIDAD;spelled
denuncia_robo;institucion;¿Ante qué autoridad desea presentar la denuncia?;True;1;True;3;FISCALIA;FISCALÍA;;institution;institution;True;selección directa + teclado de deletreo/número (_admiteDetalle);valida;;;Q.DEN.AUTORIDAD;spelled
denuncia_robo;institucion;¿Ante qué autoridad desea presentar la denuncia?;True;1;True;4;SEPDAVI;SEPDAVI;;institution;institution;True;selección directa + teclado de deletreo/número (_admiteDetalle);invalida;;no recibe denuncias (asistencia a la víctima);Q.DEN.AUTORIDAD;spelled
denuncia_robo;institucion;¿Ante qué autoridad desea presentar la denuncia?;True;1;True;5;ABOGADO;ABOGADO;Abogado;service;institution;True;selección directa;invalida;;no es autoridad receptora;Q.DEN.AUTORIDAD;placeholder
denuncia_robo;institucion;¿Ante qué autoridad desea presentar la denuncia?;True;1;True;6;INTÉRPRETE;INTÉRPRETE;Intérprete;service;institution;True;selección directa;invalida;;no es autoridad receptora;Q.DEN.AUTORIDAD;placeholder
denuncia_robo;cantidad;¿Cuántos?;True;1;False;1;1;1;;action;amount;False;selección directa;inalcanzable;;zona encadenada que nunca se activa;Q.TES.CANTIDAD;declarada_en_resolutor
denuncia_robo;cantidad;¿Cuántos?;True;1;False;2;2;2;;action;amount;False;selección directa;inalcanzable;;;Q.TES.CANTIDAD;declarada_en_resolutor
denuncia_robo;cantidad;¿Cuántos?;True;1;False;3;3;3;;action;amount;False;selección directa;inalcanzable;;;Q.TES.CANTIDAD;declarada_en_resolutor
denuncia_robo;cantidad;¿Cuántos?;True;1;False;4;4;4;;action;amount;False;selección directa;inalcanzable;;;Q.TES.CANTIDAD;declarada_en_resolutor
denuncia_robo;cantidad;¿Cuántos?;True;1;False;5;5;5;;action;amount;False;selección directa;inalcanzable;;;Q.TES.CANTIDAD;declarada_en_resolutor
denuncia_robo;cantidad;¿Cuántos?;True;1;False;6;6;6;;action;amount;False;selección directa;inalcanzable;;;Q.TES.CANTIDAD;declarada_en_resolutor
denuncia_robo;cantidad;¿Cuántos?;True;1;False;7;7;7;;action;amount;False;selección directa;inalcanzable;;;Q.TES.CANTIDAD;declarada_en_resolutor
denuncia_robo;cantidad;¿Cuántos?;True;1;False;8;8;8;;action;amount;False;selección directa;inalcanzable;;;Q.TES.CANTIDAD;declarada_en_resolutor
denuncia_robo;cantidad;¿Cuántos?;True;1;False;9;9;9;;action;amount;False;selección directa;inalcanzable;;;Q.TES.CANTIDAD;declarada_en_resolutor
violencia;hecho;¿Qué agresión o maltrato sufrió?;False;1;True;1;PEGAR;PEGAR;Pegar;action;free_text;True;selección directa;valida;;;Q.VIO.TIPO;placeholder
violencia;hecho;¿Qué agresión o maltrato sufrió?;False;1;True;2;MALTRATAR;MALTRATAR;Maltratar;action;free_text;True;selección directa;valida;;;Q.VIO.TIPO;placeholder
violencia;hecho;¿Qué agresión o maltrato sufrió?;False;1;True;3;VIOLENCIA;VIOLENCIA;Violencia;state;free_text;True;selección directa;valida;;genérica;Q.VIO.TIPO;placeholder
violencia;hecho;¿Qué agresión o maltrato sufrió?;False;1;True;4;AMENAZAR;AMENAZAR;Amenazar;action;free_text;True;selección directa;valida;;;Q.VIO.TIPO;placeholder
violencia;hecho;¿Qué agresión o maltrato sufrió?;False;1;True;5;ABUSAR;ABUSAR;Abusar;action;free_text;True;selección directa;valida;;;Q.VIO.TIPO;placeholder
violencia;hecho;¿Qué agresión o maltrato sufrió?;False;1;True;6;PELEAR;PELEAR;Pelear;action;free_text;True;selección directa;invalida;;sugiere agresión mutua;Q.VIO.TIPO;placeholder
violencia;hecho;¿Qué agresión o maltrato sufrió?;False;1;True;7;DAÑAR;DAÑAR;Dañar;action;free_text;True;selección directa;valida;;daño a bienes;Q.VIO.TIPO;placeholder
violencia;hecho;¿Qué agresión o maltrato sufrió?;False;1;True;8;GRITAR;GRITAR;Gritar;action;free_text;True;selección directa;valida;;;Q.VIO.TIPO;placeholder
violencia;persona;¿Quién es la persona agresora?;False;2;True;1;PAREJA;PAREJA;Pareja;participant;person;True;"asistente género/edad/rasgos/ropa (rol 'suspect'); se añade aunque se cancele";valida;;;Q.VIO.AGRESOR|Q.PER.VINCULO;placeholder
violencia;persona;¿Quién es la persona agresora?;False;2;True;2;HOMBRE;HOMBRE;Hombre;participant;person;True;"asistente género/edad/rasgos/ropa (rol 'suspect'); se añade aunque se cancele";valida;;persona no identificada;Q.VIO.AGRESOR|Q.PER.VINCULO;placeholder
violencia;persona;¿Quién es la persona agresora?;False;2;True;3;MUJER;MUJER;Mujer;participant;person;True;"asistente género/edad/rasgos/ropa (rol 'suspect'); se añade aunque se cancele";valida;;persona no identificada;Q.VIO.AGRESOR|Q.PER.VINCULO;placeholder
violencia;persona;¿Quién es la persona agresora?;False;2;True;4;HERMANO;HERMANO;Hermano;participant;person;True;"asistente género/edad/rasgos/ropa (rol 'suspect'); se añade aunque se cancele";valida;;;Q.VIO.AGRESOR|Q.PER.VINCULO;placeholder
violencia;persona;¿Quién es la persona agresora?;False;2;True;5;HERMANA;HERMANA;Hermana;participant;person;True;"asistente género/edad/rasgos/ropa (rol 'suspect'); se añade aunque se cancele";valida;;;Q.VIO.AGRESOR|Q.PER.VINCULO;placeholder
violencia;persona;¿Quién es la persona agresora?;False;2;True;6;ESPOSA;ESPOSA;Esposa;participant;person;True;"asistente género/edad/rasgos/ropa (rol 'suspect'); se añade aunque se cancele";valida;;;Q.VIO.AGRESOR|Q.PER.VINCULO;placeholder
violencia;persona;¿Quién es la persona agresora?;False;2;True;7;PARIENTE;PARIENTE;Pariente;participant;person;True;"asistente género/edad/rasgos/ropa (rol 'suspect'); se añade aunque se cancele";valida;;;Q.VIO.AGRESOR|Q.PER.VINCULO;placeholder
violencia;persona;¿Quién es la persona agresora?;False;2;True;8;JOVEN;JOVEN;Joven;participant;person;True;"asistente género/edad/rasgos/ropa (rol 'suspect'); se añade aunque se cancele";mover;Q.PER.DESC.EDAD;Q.PER.DESC.EDAD;Q.VIO.AGRESOR|Q.PER.VINCULO;placeholder
violencia;persona;¿Quién es la persona agresora?;False;2;True;9;ADULTO;ADULTO;Adulto;participant;person;True;"asistente género/edad/rasgos/ropa (rol 'suspect'); se añade aunque se cancele";mover;Q.PER.DESC.EDAD;Q.PER.DESC.EDAD;Q.VIO.AGRESOR|Q.PER.VINCULO;placeholder
violencia;salud_urgencia;¿Está herido o fue al hospital?;False;3;True;1;HERIDA;HERIDA;Herida;state;polarity|free_text;True;selección directa;valida;;;Q.SAL.HERIDO|Q.SAL.PARTE|Q.SAL.HOSPITAL;placeholder
violencia;salud_urgencia;¿Está herido o fue al hospital?;False;3;True;2;BRAZO;BRAZO;Brazo;object;polarity|free_text;True;selección directa;valida;;Q.SAL.PARTE;Q.SAL.HERIDO|Q.SAL.PARTE|Q.SAL.HOSPITAL;placeholder
violencia;salud_urgencia;¿Está herido o fue al hospital?;False;3;True;3;DOLOR;DOLOR;Dolor;state;polarity|free_text;True;selección directa;valida;;;Q.SAL.HERIDO|Q.SAL.PARTE|Q.SAL.HOSPITAL;placeholder
violencia;salud_urgencia;¿Está herido o fue al hospital?;False;3;True;4;FRACTURA;FRACTURA;Fractura;state;polarity|free_text;True;selección directa;valida;;;Q.SAL.HERIDO|Q.SAL.PARTE|Q.SAL.HOSPITAL;placeholder
violencia;salud_urgencia;¿Está herido o fue al hospital?;False;3;True;5;HUESOS;HUESOS;Huesos;state;polarity|free_text;True;selección directa;modificador;;con FRACTURA;Q.SAL.HERIDO|Q.SAL.PARTE|Q.SAL.HOSPITAL;placeholder
violencia;salud_urgencia;¿Está herido o fue al hospital?;False;3;True;6;HOSPITAL;HOSPITAL;Hospital;institution;polarity|free_text;True;selección directa;valida;;Q.SAL.HOSPITAL;Q.SAL.HERIDO|Q.SAL.PARTE|Q.SAL.HOSPITAL;placeholder
violencia;salud_urgencia;¿Está herido o fue al hospital?;False;3;True;7;DOCTOR;DOCTOR;Doctor;service;polarity|free_text;True;selección directa;valida;;Q.SAL.ASISTENCIA;Q.SAL.HERIDO|Q.SAL.PARTE|Q.SAL.HOSPITAL;placeholder
violencia;salud_urgencia;¿Está herido o fue al hospital?;False;3;True;8;CERTIFICADO;CERTIFICADO;Certificado;document;polarity|free_text;True;selección directa;mover;Q.SAL.CERTIFICADO;Q.SAL.CERTIFICADO;Q.SAL.HERIDO|Q.SAL.PARTE|Q.SAL.HOSPITAL;placeholder
violencia;salud_urgencia;¿Está herido o fue al hospital?;False;3;True;9;CURAR;CURAR;Curar;action;polarity|free_text;True;selección directa;invalida;;verbo sin respuesta concreta;Q.SAL.HERIDO|Q.SAL.PARTE|Q.SAL.HOSPITAL;placeholder
violencia;salud_urgencia;¿Está herido o fue al hospital?;False;3;True;10;MEDICINA;MEDICINA;Medicina;object;polarity|free_text;True;selección directa;condicional;;solo si la persona lo manifiesta;Q.SAL.HERIDO|Q.SAL.PARTE|Q.SAL.HOSPITAL;placeholder
violencia;salud_urgencia;¿Está herido o fue al hospital?;False;3;True;11;AUXILIO;AUXILIO;Auxilio;state;polarity|free_text;True;selección directa;valida;;salida urgente;Q.SAL.HERIDO|Q.SAL.PARTE|Q.SAL.HOSPITAL;placeholder
violencia;salud_urgencia;¿Está herido o fue al hospital?;False;3;True;12;URGENTE;URGENTE;Urgente;state;polarity|free_text;True;selección directa;modificador;;;Q.SAL.HERIDO|Q.SAL.PARTE|Q.SAL.HOSPITAL;placeholder
violencia;emocion_riesgo;¿Tiene miedo o requiere protección?;False;1;True;1;MIEDO;MIEDO;Miedo;state;free_text;True;selección directa;valida;;;Q.RIE.MIEDO|Q.RIE.MIEDO_CASA|Q.RIE.PIDE_PROTECCION;placeholder
violencia;emocion_riesgo;¿Tiene miedo o requiere protección?;False;1;True;2;TRISTE;TRISTE;Triste;state;free_text;True;selección directa;valida;;estado declarado (no es riesgo);Q.RIE.MIEDO|Q.RIE.MIEDO_CASA|Q.RIE.PIDE_PROTECCION;placeholder
violencia;emocion_riesgo;¿Tiene miedo o requiere protección?;False;1;True;3;CASA;CASA;Casa;place;free_text;True;selección directa;modificador;;MIEDO CASA VOLVER;Q.RIE.MIEDO|Q.RIE.MIEDO_CASA|Q.RIE.PIDE_PROTECCION;placeholder
violencia;emocion_riesgo;¿Tiene miedo o requiere protección?;False;1;True;4;VOLVER;VOLVER;Volver;action;free_text;True;selección directa;modificador;;MIEDO CASA VOLVER;Q.RIE.MIEDO|Q.RIE.MIEDO_CASA|Q.RIE.PIDE_PROTECCION;placeholder
violencia;emocion_riesgo;¿Tiene miedo o requiere protección?;False;1;True;5;PROTEGER;PROTEGER;Proteger;action;free_text;True;selección directa;valida;;;Q.RIE.MIEDO|Q.RIE.MIEDO_CASA|Q.RIE.PIDE_PROTECCION;placeholder
violencia;emocion_riesgo;¿Tiene miedo o requiere protección?;False;1;True;6;HIJO;HIJO;Hijo;participant;free_text;True;selección directa;mover;Q.RIE.QUIENES;Q.RIE.QUIENES;Q.RIE.MIEDO|Q.RIE.MIEDO_CASA|Q.RIE.PIDE_PROTECCION;placeholder
violencia;emocion_riesgo;¿Tiene miedo o requiere protección?;False;1;True;7;HIJA;HIJA;Hija;participant;free_text;True;selección directa;mover;Q.RIE.QUIENES;Q.RIE.QUIENES;Q.RIE.MIEDO|Q.RIE.MIEDO_CASA|Q.RIE.PIDE_PROTECCION;placeholder
violencia;emocion_riesgo;¿Tiene miedo o requiere protección?;False;1;True;8;AUXILIO;AUXILIO;Auxilio;state;free_text;True;selección directa;valida;;salida urgente;Q.RIE.MIEDO|Q.RIE.MIEDO_CASA|Q.RIE.PIDE_PROTECCION;placeholder
violencia;emocion_riesgo;¿Tiene miedo o requiere protección?;False;1;True;9;AHORA;AHORA;Ahora;time;free_text;True;selección directa;modificador;;;Q.RIE.MIEDO|Q.RIE.MIEDO_CASA|Q.RIE.PIDE_PROTECCION;placeholder
violencia;emocion_riesgo;¿Tiene miedo o requiere protección?;False;1;True;10;NECESITAR;NECESITAR;Necesitar;action;free_text;True;selección directa;formulacion;;;Q.RIE.MIEDO|Q.RIE.MIEDO_CASA|Q.RIE.PIDE_PROTECCION;placeholder
violencia;tiempo;¿Cuándo pasó o con qué frecuencia?;True;1;True;1;AHORA;AHORA;Ahora;time;time;True;selección directa;valida;;;Q.TIE.CUANDO|Q.VIO.FRECUENCIA;placeholder
violencia;tiempo;¿Cuándo pasó o con qué frecuencia?;True;1;True;2;HOY;HOY;Hoy;time;time;True;selección directa;valida;;;Q.TIE.CUANDO|Q.VIO.FRECUENCIA;placeholder
violencia;tiempo;¿Cuándo pasó o con qué frecuencia?;True;1;True;3;AYER;AYER;Ayer;time;time;True;selección directa;valida;;;Q.TIE.CUANDO|Q.VIO.FRECUENCIA;placeholder
violencia;tiempo;¿Cuándo pasó o con qué frecuencia?;True;1;True;4;SIEMPRE;SIEMPRE;Siempre;time;time;True;selección directa;mover;Q.VIO.FRECUENCIA;Q.VIO.FRECUENCIA;Q.TIE.CUANDO|Q.VIO.FRECUENCIA;placeholder
violencia;tiempo;¿Cuándo pasó o con qué frecuencia?;True;1;True;5;CADA_DÍA;CADA DÍA;Cada día;time;time;True;selección directa;mover;Q.VIO.FRECUENCIA;Q.VIO.FRECUENCIA;Q.TIE.CUANDO|Q.VIO.FRECUENCIA;placeholder
violencia;tiempo;¿Cuándo pasó o con qué frecuencia?;True;1;True;6;TODOS_LOS_DÍAS;TODOS LOS DÍAS;Todos los días;time;time;True;selección directa;mover;Q.VIO.FRECUENCIA;Q.VIO.FRECUENCIA;Q.TIE.CUANDO|Q.VIO.FRECUENCIA;placeholder
violencia;tiempo;¿Cuándo pasó o con qué frecuencia?;True;1;True;7;PRIMERA_VEZ;PRIMERA VEZ;Primera vez;time;time;True;selección directa;mover;Q.VIO.FRECUENCIA;Q.VIO.FRECUENCIA;Q.TIE.CUANDO|Q.VIO.FRECUENCIA;declarada_en_resolutor
violencia;evidencia;¿Tiene certificado del doctor o mensajes guardados?;True;3;True;1;CERTIFICADO;CERTIFICADO;Certificado;document;evidence;True;selección directa;valida;;;Q.SAL.CERTIFICADO|Q.EVI.TIPOS|Q.DIG.GUARDO;placeholder
violencia;evidencia;¿Tiene certificado del doctor o mensajes guardados?;True;3;True;2;DOCTOR;DOCTOR;Doctor;service;evidence;False;selección directa;formulacion;;;Q.SAL.CERTIFICADO|Q.EVI.TIPOS|Q.DIG.GUARDO;placeholder
violencia;evidencia;¿Tiene certificado del doctor o mensajes guardados?;True;3;True;3;FOTOS;FOTOS;Fotos;object;evidence;True;selección directa;valida;;;Q.SAL.CERTIFICADO|Q.EVI.TIPOS|Q.DIG.GUARDO;placeholder
violencia;evidencia;¿Tiene certificado del doctor o mensajes guardados?;True;3;True;4;VIDEO;VIDEO;Video;object;evidence;True;selección directa;valida;;;Q.SAL.CERTIFICADO|Q.EVI.TIPOS|Q.DIG.GUARDO;placeholder
violencia;evidencia;¿Tiene certificado del doctor o mensajes guardados?;True;3;True;5;ESCRIBIR;ESCRIBIR;Escribir;action;evidence;False;"texto libre «¿Qué otro elemento tienes?»; cancelar no añade";mover;Q.DIG.GUARDO;Q.DIG.GUARDO (mensajes escritos);Q.SAL.CERTIFICADO|Q.EVI.TIPOS|Q.DIG.GUARDO;placeholder
violencia;evidencia;¿Tiene certificado del doctor o mensajes guardados?;True;3;True;6;GUARDAR;GUARDAR;Guardar;action;evidence;False;selección directa;formulacion;;;Q.SAL.CERTIFICADO|Q.EVI.TIPOS|Q.DIG.GUARDO;placeholder
violencia;evidencia;¿Tiene certificado del doctor o mensajes guardados?;True;3;True;7;TOTAL;TOTAL;Total;action;evidence;False;selección directa;modificador;;;Q.SAL.CERTIFICADO|Q.EVI.TIPOS|Q.DIG.GUARDO;placeholder
violencia;evidencia;¿Tiene certificado del doctor o mensajes guardados?;True;3;True;8;TESTIGO;TESTIGO;Testigo;participant;evidence;False;selección directa;mover;Q.TES.EXISTE;Q.TES.EXISTE;Q.SAL.CERTIFICADO|Q.EVI.TIPOS|Q.DIG.GUARDO;placeholder
violencia;institucion;¿Desea asistencia especializada?;False;1;True;1;POLICÍA;POLICÍA;Policía;institution;institution;True;selección directa;valida;;;Q.VIO.ASISTENCIA_ESPECIALIZADA|Q.APO.TIPO;placeholder
violencia;institucion;¿Desea asistencia especializada?;False;1;True;2;FELCV;FELCV;;institution;institution;True;selección directa + teclado de deletreo/número (_admiteDetalle);valida;;;Q.VIO.ASISTENCIA_ESPECIALIZADA|Q.APO.TIPO;spelled
violencia;institucion;¿Desea asistencia especializada?;False;1;True;3;SEPDAVI;SEPDAVI;;institution;institution;True;selección directa + teclado de deletreo/número (_admiteDetalle);valida;;;Q.VIO.ASISTENCIA_ESPECIALIZADA|Q.APO.TIPO;spelled
violencia;institucion;¿Desea asistencia especializada?;False;1;True;4;SEPDEP;SEPDEP;;institution;institution;True;selección directa + teclado de deletreo/número (_admiteDetalle);invalida;;defensa pública penal para la persona imputada;Q.VIO.ASISTENCIA_ESPECIALIZADA|Q.APO.TIPO;spelled
violencia;institucion;¿Desea asistencia especializada?;False;1;True;5;ABOGADO;ABOGADO;Abogado;service;institution;True;selección directa;valida;;;Q.VIO.ASISTENCIA_ESPECIALIZADA|Q.APO.TIPO;placeholder
violencia;institucion;¿Desea asistencia especializada?;False;1;True;6;GRATIS;GRATIS;Gratis;trait;institution;False;selección directa;modificador;;ABOGADO GRATIS;Q.VIO.ASISTENCIA_ESPECIALIZADA|Q.APO.TIPO;placeholder
violencia;institucion;¿Desea asistencia especializada?;False;1;True;7;INTÉRPRETE;INTÉRPRETE;Intérprete;service;institution;True;selección directa;mover;Q.ACC.INTERPRETE;Q.ACC.INTERPRETE;Q.VIO.ASISTENCIA_ESPECIALIZADA|Q.APO.TIPO;placeholder
violencia;institucion;¿Desea asistencia especializada?;False;1;True;8;ASISTENCIA;ASISTENCIA;Asistencia;document;institution;False;selección directa;formulacion;;;Q.VIO.ASISTENCIA_ESPECIALIZADA|Q.APO.TIPO;placeholder
amenaza_digital;hecho;¿Qué tipo de mensajes recibió?;False;1;True;1;AMENAZAR;AMENAZAR;Amenazar;action;free_text;True;selección directa;valida;;Q.DIG.CONTENIDO;Q.DIG.CANAL|Q.DIG.CONTENIDO|Q.DIG.CONTINUA;placeholder
amenaza_digital;hecho;¿Qué tipo de mensajes recibió?;False;1;True;2;CELULAR;CELULAR;Celular;object;free_text;True;selección directa + teclado de deletreo/número (_admiteDetalle);mover;Q.DIG.CANAL;"Q.DIG.CANAL (medio; hoy se convierte en hecho y en «WhatsApp»)";Q.DIG.CANAL|Q.DIG.CONTENIDO|Q.DIG.CONTINUA;placeholder
amenaza_digital;hecho;¿Qué tipo de mensajes recibió?;False;1;True;3;INTERNET;INTERNET;Internet;object;free_text;True;selección directa;mover;Q.DIG.CANAL;Q.DIG.CANAL;Q.DIG.CANAL|Q.DIG.CONTENIDO|Q.DIG.CONTINUA;placeholder
amenaza_digital;hecho;¿Qué tipo de mensajes recibió?;False;1;True;4;ESCRIBIR;ESCRIBIR;Escribir;action;free_text;True;"texto libre «¿Qué otro elemento tienes?»; cancelar no añade";valida;;mensajes escritos (tipo);Q.DIG.CANAL|Q.DIG.CONTENIDO|Q.DIG.CONTINUA;placeholder
amenaza_digital;hecho;¿Qué tipo de mensajes recibió?;False;1;True;5;ENVIAR;ENVIAR;Enviar;action;free_text;True;selección directa;formulacion;;;Q.DIG.CANAL|Q.DIG.CONTENIDO|Q.DIG.CONTINUA;placeholder
amenaza_digital;hecho;¿Qué tipo de mensajes recibió?;False;1;True;6;RECIBIR;RECIBIR;Recibir;action;free_text;True;selección directa;formulacion;;;Q.DIG.CANAL|Q.DIG.CONTENIDO|Q.DIG.CONTINUA;placeholder
amenaza_digital;hecho;¿Qué tipo de mensajes recibió?;False;1;True;7;AÚN;AÚN;Aún;time;free_text;True;selección directa;mover;Q.DIG.CONTINUA;Q.DIG.CONTINUA;Q.DIG.CANAL|Q.DIG.CONTENIDO|Q.DIG.CONTINUA;placeholder
amenaza_digital;persona;¿Quién le envía los mensajes?;False;1;True;1;PAREJA;PAREJA;Pareja;participant;person;True;"asistente género/edad/rasgos/ropa (rol 'suspect'); se añade aunque se cancele";valida;;vínculo;Q.DIG.REMITENTE;placeholder
amenaza_digital;persona;¿Quién le envía los mensajes?;False;1;True;2;HOMBRE;HOMBRE;Hombre;participant;person;True;"asistente género/edad/rasgos/ropa (rol 'suspect'); se añade aunque se cancele";valida;;persona no identificada;Q.DIG.REMITENTE;placeholder
amenaza_digital;persona;¿Quién le envía los mensajes?;False;1;True;3;MUJER;MUJER;Mujer;participant;person;True;"asistente género/edad/rasgos/ropa (rol 'suspect'); se añade aunque se cancele";valida;;persona no identificada;Q.DIG.REMITENTE;placeholder
amenaza_digital;persona;¿Quién le envía los mensajes?;False;1;True;4;CONOCER;CONOCIDO;Conocido;action;person;False;"asistente género/edad/rasgos/ropa (rol 'suspect'); se añade aunque se cancele";valida;;rama «Sé quién es» (rotulada CONOCIDO);Q.DIG.REMITENTE;placeholder
amenaza_digital;persona;¿Quién le envía los mensajes?;False;1;True;5;CELULAR;CELULAR;Celular;object;person;False;"asistente género/edad/rasgos/ropa (rol 'suspect'); se añade aunque se cancele";invalida;;medio, no persona — rama «Solo conozco el número» con editor de teléfono;Q.DIG.REMITENTE;placeholder
amenaza_digital;evidencia;¿Guardó los mensajes o tiene fotos de pantalla?;False;3;True;1;ESCRIBIR;ESCRIBIR;Escribir;action;evidence;False;"texto libre «¿Qué otro elemento tienes?»; cancelar no añade";formulacion;;;Q.DIG.GUARDO|Q.DIG.CAPTURAS|Q.DIG.MOSTRAR;placeholder
amenaza_digital;evidencia;¿Guardó los mensajes o tiene fotos de pantalla?;False;3;True;2;TOTAL;TOTAL;Total;action;evidence;False;selección directa;modificador;;«todos»;Q.DIG.GUARDO|Q.DIG.CAPTURAS|Q.DIG.MOSTRAR;placeholder
amenaza_digital;evidencia;¿Guardó los mensajes o tiene fotos de pantalla?;False;3;True;3;GUARDAR;GUARDAR;Guardar;action;evidence;False;selección directa;valida;;= «Sí, los guardé» (Q.DIG.GUARDO);Q.DIG.GUARDO|Q.DIG.CAPTURAS|Q.DIG.MOSTRAR;placeholder
amenaza_digital;evidencia;¿Guardó los mensajes o tiene fotos de pantalla?;False;3;True;4;FOTOS;FOTOS;Fotos;object;evidence;True;selección directa;valida;;Q.DIG.CAPTURAS;Q.DIG.GUARDO|Q.DIG.CAPTURAS|Q.DIG.MOSTRAR;placeholder
amenaza_digital;evidencia;¿Guardó los mensajes o tiene fotos de pantalla?;False;3;True;5;CELULAR;CELULAR;Celular;object;evidence;True;selección directa + teclado de deletreo/número (_admiteDetalle);formulacion;;FOTOS·CELULAR = capturas;Q.DIG.GUARDO|Q.DIG.CAPTURAS|Q.DIG.MOSTRAR;placeholder
amenaza_digital;evidencia;¿Guardó los mensajes o tiene fotos de pantalla?;False;3;True;6;VIDEO;VIDEO;Video;object;evidence;True;selección directa;valida;;otra prueba;Q.DIG.GUARDO|Q.DIG.CAPTURAS|Q.DIG.MOSTRAR;placeholder
amenaza_digital;evidencia;¿Guardó los mensajes o tiene fotos de pantalla?;False;3;True;7;MOSTRAR;MOSTRAR;Mostrar;action;evidence;False;selección directa;mover;Q.DIG.MOSTRAR;Q.DIG.MOSTRAR;Q.DIG.GUARDO|Q.DIG.CAPTURAS|Q.DIG.MOSTRAR;placeholder
amenaza_digital;evidencia;¿Guardó los mensajes o tiene fotos de pantalla?;False;3;True;8;PUEDO;PUEDO;Puedo;marker;evidence;True;selección directa;formulacion;;;Q.DIG.GUARDO|Q.DIG.CAPTURAS|Q.DIG.MOSTRAR;placeholder
amenaza_digital;evidencia;¿Guardó los mensajes o tiene fotos de pantalla?;False;3;True;9;AHORA;AHORA;Ahora;time;evidence;False;selección directa;formulacion;;;Q.DIG.GUARDO|Q.DIG.CAPTURAS|Q.DIG.MOSTRAR;placeholder
amenaza_digital;institucion;¿Desea presentar los mensajes como prueba?;True;1;True;1;POLICÍA;POLICÍA;Policía;institution;institution;True;selección directa;invalida;;pregunta de sí/no respondida con una institución;Q.DIG.PRESENTAR_PRUEBA;placeholder
amenaza_digital;institucion;¿Desea presentar los mensajes como prueba?;True;1;True;2;FELCC;FELCC;;institution;institution;True;selección directa + teclado de deletreo/número (_admiteDetalle);invalida;;ídem;Q.DIG.PRESENTAR_PRUEBA;spelled
amenaza_digital;institucion;¿Desea presentar los mensajes como prueba?;True;1;True;3;FELCV;FELCV;;institution;institution;True;selección directa + teclado de deletreo/número (_admiteDetalle);invalida;;ídem;Q.DIG.PRESENTAR_PRUEBA;spelled
amenaza_digital;institucion;¿Desea presentar los mensajes como prueba?;True;1;True;4;FISCALIA;FISCALÍA;;institution;institution;True;selección directa + teclado de deletreo/número (_admiteDetalle);invalida;;ídem;Q.DIG.PRESENTAR_PRUEBA;spelled
amenaza_digital;institucion;¿Desea presentar los mensajes como prueba?;True;1;True;5;SEPDAVI;SEPDAVI;;institution;institution;True;selección directa + teclado de deletreo/número (_admiteDetalle);invalida;;ídem;Q.DIG.PRESENTAR_PRUEBA;spelled
amenaza_digital;institucion;¿Desea presentar los mensajes como prueba?;True;1;True;6;ABOGADO;ABOGADO;Abogado;service;institution;True;selección directa;invalida;;ídem;Q.DIG.PRESENTAR_PRUEBA;placeholder
engano_dinero;hecho;¿Cómo ocurrió el engaño con el dinero?;False;1;True;1;ENGAÑAR;ENGAÑAR;Engañar;action;free_text;True;selección directa;invalida;;"repite el hecho; no dice cómo se entregó el dinero";Q.DIN.MECANISMO;placeholder
engano_dinero;hecho;¿Cómo ocurrió el engaño con el dinero?;False;1;True;2;BILLETES;BILLETES;Billetes;object;free_text;True;"editor de monto (rol 'stolen'); se añade aunque se cancele";mover;Q.DIN.MONTO;Q.DIN.MONTO;Q.DIN.MECANISMO;placeholder
engano_dinero;hecho;¿Cómo ocurrió el engaño con el dinero?;False;1;True;3;ENVIAR;ENVIAR;Enviar;action;free_text;True;selección directa;valida;;;Q.DIN.MECANISMO;placeholder
engano_dinero;hecho;¿Cómo ocurrió el engaño con el dinero?;False;1;True;4;DAR;DAR;Dar;action;free_text;True;selección directa;valida;;;Q.DIN.MECANISMO;placeholder
engano_dinero;hecho;¿Cómo ocurrió el engaño con el dinero?;False;1;True;5;PERDER;PERDER;Perder;action;free_text;True;"hoja de aclaración; la tarjeta se añade aunque se cancele";invalida;;consecuencia, no mecanismo;Q.DIN.MECANISMO;placeholder
engano_dinero;medio_banco;¿Cómo entregó o envió el dinero?;False;1;True;1;BANCO;BANCO;Banco;place;institution|object;False;selección directa + teclado de deletreo/número (_admiteDetalle);valida;;;Q.DIN.MECANISMO;placeholder
engano_dinero;medio_banco;¿Cómo entregó o envió el dinero?;False;1;True;2;CELULAR;CELULAR;Celular;object;institution|object;True;selección directa + teclado de deletreo/número (_admiteDetalle);valida;;medio de envío (no implica «transferencia»);Q.DIN.MECANISMO;placeholder
engano_dinero;medio_banco;¿Cómo entregó o envió el dinero?;False;1;True;3;INTERNET;INTERNET;Internet;object;institution|object;True;selección directa;valida;;;Q.DIN.MECANISMO;placeholder
engano_dinero;medio_banco;¿Cómo entregó o envió el dinero?;False;1;True;4;ESCRIBIR;ESCRIBIR;Escribir;action;institution|object;False;"texto libre «¿Qué otro elemento tienes?»; cancelar no añade";invalida;;no es un medio de entrega (hoy «mediante escribir»);Q.DIN.MECANISMO;placeholder
engano_dinero;medio_banco;¿Cómo entregó o envió el dinero?;False;1;True;5;BILLETES;BILLETES;Billetes;object;institution|object;True;"editor de monto (rol 'stolen'); se añade aunque se cancele";valida;;rotular «En efectivo»;Q.DIN.MECANISMO;placeholder
engano_dinero;persona;¿Conoce el nombre o número de la persona?;False;1;True;1;NOMBRE;NOMBRE;Nombre;marker;person;True;"asistente género/edad/rasgos/ropa (rol 'suspect'); se añade aunque se cancele";valida;;editor texto_nombre;Q.DIN.RECEPTOR;placeholder
engano_dinero;persona;¿Conoce el nombre o número de la persona?;False;1;True;2;CELULAR;CELULAR;Celular;object;person;False;"asistente género/edad/rasgos/ropa (rol 'suspect'); se añade aunque se cancele";valida;;editor telefono (rama «Solo tengo su número»);Q.DIN.RECEPTOR;placeholder
engano_dinero;persona;¿Conoce el nombre o número de la persona?;False;1;True;3;HOMBRE;HOMBRE;Hombre;participant;person;True;"asistente género/edad/rasgos/ropa (rol 'suspect'); se añade aunque se cancele";valida;;rama descripción;Q.DIN.RECEPTOR;placeholder
engano_dinero;persona;¿Conoce el nombre o número de la persona?;False;1;True;4;MUJER;MUJER;Mujer;participant;person;True;"asistente género/edad/rasgos/ropa (rol 'suspect'); se añade aunque se cancele";valida;;rama descripción;Q.DIN.RECEPTOR;placeholder
engano_dinero;persona;¿Conoce el nombre o número de la persona?;False;1;True;5;CONOCER;CONOCIDO;Conocido;action;person;False;"asistente género/edad/rasgos/ropa (rol 'suspect'); se añade aunque se cancele";valida;;rama «Lo/la conozco»;Q.DIN.RECEPTOR;placeholder
engano_dinero;comprobante;¿Tiene el papel del banco o factura?;False;3;True;1;PAPEL;PAPEL;Papel;document;evidence;True;"hoja de aclaración; la tarjeta se añade aunque se cancele";mover;Q.DOC.ACLARAR;Q.DOC.ACLARAR (y PAPEL·BANCO = comprobante del banco);Q.DIN.COMPROBANTE|Q.DIN.COMPROBANTE_TIPO;placeholder
engano_dinero;comprobante;¿Tiene el papel del banco o factura?;False;3;True;2;BANCO;BANCO;Banco;place;evidence;False;selección directa + teclado de deletreo/número (_admiteDetalle);valida;;solo como PAPEL·BANCO;Q.DIN.COMPROBANTE|Q.DIN.COMPROBANTE_TIPO;placeholder
engano_dinero;comprobante;¿Tiene el papel del banco o factura?;False;3;True;3;FACTURA;FACTURA;Factura;document;evidence;True;selección directa;valida;;;Q.DIN.COMPROBANTE|Q.DIN.COMPROBANTE_TIPO;placeholder
engano_dinero;comprobante;¿Tiene el papel del banco o factura?;False;3;True;4;ESCRIBIR;ESCRIBIR;Escribir;action;evidence;False;"texto libre «¿Qué otro elemento tienes?»; cancelar no añade";valida;;editor texto_detalle («Otro»);Q.DIN.COMPROBANTE|Q.DIN.COMPROBANTE_TIPO;placeholder
engano_dinero;comprobante;¿Tiene el papel del banco o factura?;False;3;True;5;TOTAL;TOTAL;Total;action;evidence;False;selección directa;invalida;;modificador sin núcleo;Q.DIN.COMPROBANTE|Q.DIN.COMPROBANTE_TIPO;placeholder
engano_dinero;comprobante;¿Tiene el papel del banco o factura?;False;3;True;6;GUARDAR;GUARDAR;Guardar;action;evidence;False;selección directa;invalida;;pertenece a Q.DIN.CHAT;Q.DIN.COMPROBANTE|Q.DIN.COMPROBANTE_TIPO;placeholder
engano_dinero;comprobante;¿Tiene el papel del banco o factura?;False;3;True;7;MOSTRAR;MOSTRAR;Mostrar;action;evidence;False;selección directa;mover;Q.EVI.MOSTRAR_AHORA;Q.EVI.MOSTRAR_AHORA;Q.DIN.COMPROBANTE|Q.DIN.COMPROBANTE_TIPO;placeholder
engano_dinero;comprobante;¿Tiene el papel del banco o factura?;False;3;True;8;PUEDO;PUEDO;Puedo;marker;evidence;True;selección directa;formulacion;;;Q.DIN.COMPROBANTE|Q.DIN.COMPROBANTE_TIPO;placeholder
engano_dinero;institucion;¿Desea presentar la denuncia formal?;True;1;True;1;POLICÍA;POLICÍA;Policía;institution;institution;True;selección directa;invalida;;pregunta de sí/no respondida con una institución (Q.DEN.AUTORIDAD tras «Sí»);Q.DEN.INTENCION|Q.DEN.AUTORIDAD;placeholder
engano_dinero;institucion;¿Desea presentar la denuncia formal?;True;1;True;2;FELCC;FELCC;;institution;institution;True;selección directa + teclado de deletreo/número (_admiteDetalle);invalida;;ídem;Q.DEN.INTENCION|Q.DEN.AUTORIDAD;spelled
engano_dinero;institucion;¿Desea presentar la denuncia formal?;True;1;True;3;FISCALIA;FISCALÍA;;institution;institution;True;selección directa + teclado de deletreo/número (_admiteDetalle);invalida;;ídem;Q.DEN.INTENCION|Q.DEN.AUTORIDAD;spelled
engano_dinero;institucion;¿Desea presentar la denuncia formal?;True;1;True;4;SEPDAVI;SEPDAVI;;institution;institution;True;selección directa + teclado de deletreo/número (_admiteDetalle);invalida;;no recibe denuncias;Q.DEN.INTENCION|Q.DEN.AUTORIDAD;spelled
engano_dinero;institucion;¿Desea presentar la denuncia formal?;True;1;True;5;ABOGADO;ABOGADO;Abogado;service;institution;True;selección directa;invalida;;no es autoridad;Q.DEN.INTENCION|Q.DEN.AUTORIDAD;placeholder
seguimiento;tramite;¿Qué gestión o trámite viene a consultar?;False;1;True;1;INVESTIGACIÓN;INVESTIGACIÓN;Investigación;service;free_text;True;selección directa;valida;;;Q.SEG.MOTIVO;placeholder
seguimiento;tramite;¿Qué gestión o trámite viene a consultar?;False;1;True;2;RESOLUCIÓN;RESOLUCIÓN;Resolución;document;free_text;True;selección directa;valida;;;Q.SEG.MOTIVO;placeholder
seguimiento;tramite;¿Qué gestión o trámite viene a consultar?;False;1;True;3;TRÁMITE;TRÁMITE;Trámite;service;free_text;True;selección directa;valida;;genérica;Q.SEG.MOTIVO;placeholder
seguimiento;tramite;¿Qué gestión o trámite viene a consultar?;False;1;True;4;CONVOCAR;CONVOCAR;Convocar;service;free_text;True;selección directa;valida;;citación (PAPEL·CONVOCAR);Q.SEG.MOTIVO;placeholder
seguimiento;tramite;¿Qué gestión o trámite viene a consultar?;False;1;True;5;RESULTADO;RESULTADO;Resultado;document;free_text;True;selección directa;valida;;;Q.SEG.MOTIVO;placeholder
seguimiento;tramite;¿Qué gestión o trámite viene a consultar?;False;1;True;6;PLAZO;PLAZO;Plazo;service;free_text;True;selección directa;valida;;;Q.SEG.MOTIVO;placeholder
seguimiento;tramite;¿Qué gestión o trámite viene a consultar?;False;1;True;7;ASISTENCIA;ASISTENCIA;Asistencia;document;free_text;True;selección directa;valida;;;Q.SEG.MOTIVO;placeholder
seguimiento;tramite;¿Qué gestión o trámite viene a consultar?;False;1;True;8;PAPEL;PAPEL;Papel;document;free_text;True;"hoja de aclaración; la tarjeta se añade aunque se cancele";mover;Q.DOC.ACLARAR;Q.DOC.ACLARAR;Q.SEG.MOTIVO;placeholder
seguimiento;tramite;¿Qué gestión o trámite viene a consultar?;False;1;True;9;CERTIFICADO;CERTIFICADO;Certificado;document;free_text;True;selección directa;valida;;;Q.SEG.MOTIVO;placeholder
seguimiento;tramite;¿Qué gestión o trámite viene a consultar?;False;1;True;10;CARPETA;CARPETA;Carpeta;document;free_text;True;selección directa;valida;;;Q.SEG.MOTIVO;placeholder
seguimiento;tramite;¿Qué gestión o trámite viene a consultar?;False;1;True;11;FOTOCOPIA;FOTOCOPIA;Fotocopia;document;free_text;True;selección directa;valida;;;Q.SEG.MOTIVO;placeholder
seguimiento;tramite;¿Qué gestión o trámite viene a consultar?;False;1;True;12;SELLO;SELLO;Sello;document;free_text;True;selección directa;valida;;;Q.SEG.MOTIVO;placeholder
seguimiento;accion;¿Qué acción necesita realizar?;False;1;True;1;SABER;SABER;Saber;marker;free_text;True;selección directa;valida;;;Q.SEG.MOTIVO;placeholder
seguimiento;accion;¿Qué acción necesita realizar?;False;1;True;2;PRESENTAR;PRESENTAR;Presentar;action;free_text;True;selección directa;valida;;;Q.SEG.MOTIVO;placeholder
seguimiento;accion;¿Qué acción necesita realizar?;False;1;True;3;PEDIR;PEDIR;Pedir;action;free_text;True;selección directa;valida;;;Q.SEG.MOTIVO;placeholder
seguimiento;accion;¿Qué acción necesita realizar?;False;1;True;4;RECIBIR;RECIBIR;Recibir;action;free_text;True;selección directa;valida;;;Q.SEG.MOTIVO;placeholder
seguimiento;accion;¿Qué acción necesita realizar?;False;1;True;5;DAR;DAR;Dar;action;free_text;True;selección directa;valida;;entregar;Q.SEG.MOTIVO;placeholder
seguimiento;accion;¿Qué acción necesita realizar?;False;1;True;6;BUSCAR;BUSCAR;Buscar;action;free_text;True;selección directa;valida;;;Q.SEG.MOTIVO;placeholder
seguimiento;accion;¿Qué acción necesita realizar?;False;1;True;7;VER;VER;Ver;action;free_text;True;selección directa;invalida;;ambigua (¿ver qué?);Q.SEG.MOTIVO;placeholder
seguimiento;accion;¿Qué acción necesita realizar?;False;1;True;8;AVISAR;AVISAR;Avisar;action;free_text;True;selección directa;valida;;;Q.SEG.MOTIVO;placeholder
seguimiento;accion;¿Qué acción necesita realizar?;False;1;True;9;ESPERAR;ESPERAR;Esperar;action;free_text;True;selección directa;valida;;;Q.SEG.MOTIVO;placeholder
seguimiento;accion;¿Qué acción necesita realizar?;False;1;True;10;VOLVER;VOLVER;Volver;action;free_text;True;selección directa;valida;;;Q.SEG.MOTIVO;placeholder
seguimiento;accion;¿Qué acción necesita realizar?;False;1;True;11;ESCRIBIR;ESCRIBIR;Escribir;action;free_text;True;"texto libre «¿Qué otro elemento tienes?»; cancelar no añade";invalida;;salvo firma (composición provisional NOMBRE·ESCRIBIR);Q.SEG.MOTIVO;placeholder
seguimiento;accion;¿Qué acción necesita realizar?;False;1;True;12;AYUDAR;AYUDAR;Ayudar;action;free_text;True;selección directa;valida;;;Q.SEG.MOTIVO;placeholder
seguimiento;accion;¿Qué acción necesita realizar?;False;1;True;13;EXPLICAR;EXPLICAR;Explicar;action;free_text;True;selección directa;valida;;que me expliquen;Q.SEG.MOTIVO;placeholder
seguimiento;institucion_autoridad;¿Con qué autoridad o institución debe coordinar?;False;1;True;1;FISCALIA;FISCALÍA;;institution;institution;True;selección directa + teclado de deletreo/número (_admiteDetalle);valida;;;Q.SEG.AUTORIDAD;spelled
seguimiento;institucion_autoridad;¿Con qué autoridad o institución debe coordinar?;False;1;True;2;JUZGADO;JUZGADO;;institution;institution;True;selección directa + teclado de deletreo/número (_admiteDetalle);valida;;;Q.SEG.AUTORIDAD;spelled
seguimiento;institucion_autoridad;¿Con qué autoridad o institución debe coordinar?;False;1;True;3;ÓRGANO_JUDICIAL;ÓRGANO JUDICIAL;Órgano Judicial;institution;institution;True;selección directa;valida;;;Q.SEG.AUTORIDAD;placeholder
seguimiento;institucion_autoridad;¿Con qué autoridad o institución debe coordinar?;False;1;True;4;POLICÍA;POLICÍA;Policía;institution;institution;True;selección directa;valida;;;Q.SEG.AUTORIDAD;placeholder
seguimiento;institucion_autoridad;¿Con qué autoridad o institución debe coordinar?;False;1;True;5;FELCC;FELCC;;institution;institution;True;selección directa + teclado de deletreo/número (_admiteDetalle);valida;;;Q.SEG.AUTORIDAD;spelled
seguimiento;institucion_autoridad;¿Con qué autoridad o institución debe coordinar?;False;1;True;6;FELCV;FELCV;;institution;institution;True;selección directa + teclado de deletreo/número (_admiteDetalle);valida;;;Q.SEG.AUTORIDAD;spelled
seguimiento;institucion_autoridad;¿Con qué autoridad o institución debe coordinar?;False;1;True;7;SEPDAVI;SEPDAVI;;institution;institution;True;selección directa + teclado de deletreo/número (_admiteDetalle);valida;;;Q.SEG.AUTORIDAD;spelled
seguimiento;institucion_autoridad;¿Con qué autoridad o institución debe coordinar?;False;1;True;8;SEPDEP;SEPDEP;;institution;institution;True;selección directa + teclado de deletreo/número (_admiteDetalle);valida;;;Q.SEG.AUTORIDAD;spelled
seguimiento;institucion_autoridad;¿Con qué autoridad o institución debe coordinar?;False;1;True;9;JUEZ;JUEZ;Juez;institution;institution;True;selección directa;valida;;;Q.SEG.AUTORIDAD;placeholder
seguimiento;institucion_autoridad;¿Con qué autoridad o institución debe coordinar?;False;1;True;10;ABOGADO;ABOGADO;Abogado;service;institution;True;selección directa;mover;Q.SEG.HABLAR_ABOGADO;Q.SEG.HABLAR_ABOGADO;Q.SEG.AUTORIDAD;placeholder
seguimiento;institucion_autoridad;¿Con qué autoridad o institución debe coordinar?;False;1;True;11;INTÉRPRETE;INTÉRPRETE;Intérprete;service;institution;True;selección directa;mover;Q.ACC.INTERPRETE;Q.ACC.INTERPRETE;Q.SEG.AUTORIDAD;placeholder
seguimiento;institucion_autoridad;¿Con qué autoridad o institución debe coordinar?;False;1;True;12;AUTORIDAD;AUTORIDAD;Autoridad;institution;institution;True;selección directa;valida;;;Q.SEG.AUTORIDAD;placeholder
seguimiento;institucion_autoridad;¿Con qué autoridad o institución debe coordinar?;False;1;True;13;OFICINA;OFICINA;Oficina;place;institution;False;selección directa;valida;;;Q.SEG.AUTORIDAD;placeholder
seguimiento;tiempo;¿Para cuándo está programada la actuación?;True;1;True;1;HOY;HOY;Hoy;time;time;True;selección directa;valida;;;Q.SEG.FECHA_PROGRAMADA;placeholder
seguimiento;tiempo;¿Para cuándo está programada la actuación?;True;1;True;2;MAÑANA;MAÑANA;Mañana;time;time;True;selección directa;valida;;;Q.SEG.FECHA_PROGRAMADA;placeholder
seguimiento;tiempo;¿Para cuándo está programada la actuación?;True;1;True;3;PRÓXIMO;PRÓXIMO;Próximo;time;time;True;selección directa;modificador;;PRÓXIMO + SEMANA;Q.SEG.FECHA_PROGRAMADA;placeholder
seguimiento;tiempo;¿Para cuándo está programada la actuación?;True;1;True;4;DÍA;DÍA;Día;time;time;True;selección directa;valida;;editor entero;Q.SEG.FECHA_PROGRAMADA;placeholder
seguimiento;tiempo;¿Para cuándo está programada la actuación?;True;1;True;5;SEMANA;SEMANA;Semana;time;time;True;selección directa;valida;;;Q.SEG.FECHA_PROGRAMADA;placeholder
seguimiento;tiempo;¿Para cuándo está programada la actuación?;True;1;True;6;HORA;HORA;Hora;time;time;True;selección directa;valida;;editor hora;Q.SEG.FECHA_PROGRAMADA;placeholder
seguimiento;tiempo;¿Para cuándo está programada la actuación?;True;1;True;7;FECHA;FECHA;Fecha;time;time;True;selección directa;valida;;editor texto_detalle;Q.SEG.FECHA_PROGRAMADA;placeholder
otro;relato;¿Qué presenció o desea declarar?;False;1;True;1;OBSERVAR;OBSERVAR;Observar;action;free_text;True;selección directa;valida;;;Q.TES.RELATO|I.DECL.AGREGAR_INFORMACION|I.DECL.CORREGIR;placeholder
otro;relato;¿Qué presenció o desea declarar?;False;1;True;2;TESTIGO;TESTIGO;Testigo;participant;free_text;True;selección directa;valida;;«soy testigo»;Q.TES.RELATO|I.DECL.AGREGAR_INFORMACION|I.DECL.CORREGIR;placeholder
otro;relato;¿Qué presenció o desea declarar?;False;1;True;3;TESTIMONIO;TESTIMONIO;Testimonio;document;free_text;True;selección directa;valida;;;Q.TES.RELATO|I.DECL.AGREGAR_INFORMACION|I.DECL.CORREGIR;placeholder
otro;relato;¿Qué presenció o desea declarar?;False;1;True;4;VER;VER;Ver;action;free_text;True;selección directa;valida;;;Q.TES.RELATO|I.DECL.AGREGAR_INFORMACION|I.DECL.CORREGIR;placeholder
otro;relato;¿Qué presenció o desea declarar?;False;1;True;5;TOTAL;TOTAL;Total;action;free_text;True;selección directa;modificador;;;Q.TES.RELATO|I.DECL.AGREGAR_INFORMACION|I.DECL.CORREGIR;placeholder
otro;relato;¿Qué presenció o desea declarar?;False;1;True;6;NARRAR;NARRAR;Narrar;action;free_text;True;selección directa;invalida;;acto de relatar, sin contenido;Q.TES.RELATO|I.DECL.AGREGAR_INFORMACION|I.DECL.CORREGIR;placeholder
otro;relato;¿Qué presenció o desea declarar?;False;1;True;7;EXPLICAR;EXPLICAR;Explicar;action;free_text;True;selección directa;invalida;;acto de relatar, sin contenido;Q.TES.RELATO|I.DECL.AGREGAR_INFORMACION|I.DECL.CORREGIR;placeholder
otro;relato;¿Qué presenció o desea declarar?;False;1;True;8;EMPEZAR;EMPEZAR;Empezar;action;free_text;True;selección directa;invalida;;acto de relatar, sin contenido;Q.TES.RELATO|I.DECL.AGREGAR_INFORMACION|I.DECL.CORREGIR;placeholder
otro;relato;¿Qué presenció o desea declarar?;False;1;True;9;AUMENTAR;AUMENTAR;Aumentar;action;free_text;True;selección directa;mover;I.DECL.AGREGAR_INFORMACION;I.DECL.AGREGAR_INFORMACION;Q.TES.RELATO|I.DECL.AGREGAR_INFORMACION|I.DECL.CORREGIR;placeholder
otro;relato;¿Qué presenció o desea declarar?;False;1;True;10;ARREGLAR;ARREGLAR;Arreglar;action;free_text;True;selección directa;mover;I.DECL.CORREGIR;I.DECL.CORREGIR;Q.TES.RELATO|I.DECL.AGREGAR_INFORMACION|I.DECL.CORREGIR;placeholder
otro;persona;¿A quién observó durante el hecho?;False;1;True;1;HOMBRE;HOMBRE;Hombre;participant;person;True;"asistente género/edad/rasgos/ropa (rol 'suspect'); se añade aunque se cancele";valida;;;Q.PER.OBSERVADA;placeholder
otro;persona;¿A quién observó durante el hecho?;False;1;True;2;MUJER;MUJER;Mujer;participant;person;True;"asistente género/edad/rasgos/ropa (rol 'suspect'); se añade aunque se cancele";valida;;;Q.PER.OBSERVADA;placeholder
otro;persona;¿A quién observó durante el hecho?;False;1;True;3;JOVEN;JOVEN;Joven;participant;person;True;"asistente género/edad/rasgos/ropa (rol 'suspect'); se añade aunque se cancele";mover;Q.PER.DESC.EDAD;Q.PER.DESC.EDAD;Q.PER.OBSERVADA;placeholder
otro;persona;¿A quién observó durante el hecho?;False;1;True;4;ADULTO;ADULTO;Adulto;participant;person;True;"asistente género/edad/rasgos/ropa (rol 'suspect'); se añade aunque se cancele";mover;Q.PER.DESC.EDAD;Q.PER.DESC.EDAD;Q.PER.OBSERVADA;placeholder
otro;persona;¿A quién observó durante el hecho?;False;1;True;5;LADRÓN;LADRÓN/A;Ladrón/a;participant;person;True;"asistente género/edad/rasgos/ropa (rol 'suspect'); se añade aunque se cancele";valida;;;Q.PER.OBSERVADA;placeholder
otro;persona;¿A quién observó durante el hecho?;False;1;True;6;CONOCER;CONOCIDO;Conocido;action;person;False;"asistente género/edad/rasgos/ropa (rol 'suspect'); se añade aunque se cancele";mover;Q.PER.CONOCE;Q.PER.CONOCE;Q.PER.OBSERVADA;placeholder
otro;acceso;¿Necesita aclaraciones o intérprete?;False;1;True;1;SORDO;SORDO;Sordo;participant;polarity|free_text;True;selección directa;mover;Q.ACC.SORDO;Q.ACC.SORDO;Q.ACC.COMPRENSION|Q.ACC.INTERPRETE;placeholder
otro;acceso;¿Necesita aclaraciones o intérprete?;False;1;True;2;LEER;LEER;Leer;action;polarity|free_text;True;selección directa;mover;Q.ACC.LECTURA;Q.ACC.LECTURA;Q.ACC.COMPRENSION|Q.ACC.INTERPRETE;placeholder
otro;acceso;¿Necesita aclaraciones o intérprete?;False;1;True;3;POCO;POCO;Poco;trait;polarity|free_text;True;selección directa;modificador;;LEER POCO;Q.ACC.COMPRENSION|Q.ACC.INTERPRETE;placeholder
otro;acceso;¿Necesita aclaraciones o intérprete?;False;1;True;4;INTÉRPRETE;INTÉRPRETE;Intérprete;service;polarity|free_text;True;selección directa;valida;;;Q.ACC.COMPRENSION|Q.ACC.INTERPRETE;placeholder
otro;acceso;¿Necesita aclaraciones o intérprete?;False;1;True;5;LENTO;LENTO;Lento;trait;polarity|free_text;True;selección directa;valida;;;Q.ACC.COMPRENSION|Q.ACC.INTERPRETE;placeholder
otro;acceso;¿Necesita aclaraciones o intérprete?;False;1;True;6;POR_FAVOR;POR FAVOR;Por favor;marker;polarity|free_text;True;selección directa;modificador;;;Q.ACC.COMPRENSION|Q.ACC.INTERPRETE;placeholder
otro;acceso;¿Necesita aclaraciones o intérprete?;False;1;True;7;COMPRENDER;COMPRENDER;Comprender;marker;polarity|free_text;True;selección directa;valida;;con NO = «no entiendo»;Q.ACC.COMPRENSION|Q.ACC.INTERPRETE;placeholder
otro;acceso;¿Necesita aclaraciones o intérprete?;False;1;True;8;GRACIAS;GRACIAS;Gracias;marker;polarity|free_text;True;selección directa;invalida;;cortesía, no aclaración;Q.ACC.COMPRENSION|Q.ACC.INTERPRETE;declarada_en_resolutor
otro;acceso;¿Necesita aclaraciones o intérprete?;False;1;True;9;ESTAR_DE_ACUERDO;ESTAR DE ACUERDO;Estar de acuerdo;marker;polarity|free_text;True;selección directa;invalida;;conformidad fuera de lugar (solo Q.SEG.CONFORMIDAD);Q.ACC.COMPRENSION|Q.ACC.INTERPRETE;placeholder
