palabra,pagina,entrada,categoria,definicion,glosa
Abajo,2,1,adv.,Parte Inferior.,
Abecedario / m,2,2,,Alfabeto.,
Abono,2,3,m.,"Tierra con nutrientes, se usa para el mejor",
Abreviatura,3,4,f.,Palabra reducida.,
Abusar,3,5,v.,Aprovecharse de alguien.,
Accesible,3,6,adj.,Que puede ser usado o,
Actividad,4,7,f.,Conjunto de acciones o,
Acelerar,4,8,v.,"Dar mayor velocidad, aumentar",
Acento,4,9,m.,Signo ortográfico que se,
Achachairú,5,10,m.,Fruto de color dorado intenso que llega,
Acuarela,5,12,f.,Pintura con colores diluidos en agua.,
Ácido,5,11,m.,"En química, solución que tiene",
Adán,6,13,,Primer hombre creado por Dios.,
Adjetivo,6,14,leng.,Palabra que expresa cualidad o accidente.,
ADN,6,15,m.,Ácido desoxirribonucleico.,
Adverbio,7,16,,gram.,
Aeropuerto,7,17,m.,Lugar destinado al aterrizaje y despegue,
Agua Potable,7,18,m.,Agua que puede ser consumida sin,
Ahorrar,8,19,v.,Guardar una parte de los ingresos.,
Ajipa,8,20,f.,"Raíz comestible, carnosa y fusiforme.",
Ajo,8,21,m.,"El bulbo es de color blanco, redondo y de olor",
Alcantarillado,9,22,m.,Conjunto de alcantarillas.,
Alicate,9,23,m.,Tenaza pequeña de acero con brazo encorvado,
Alma,9,24,f.,Entidad abstracta o parte,
Almeja,10,25,f.,Moluscos bivalvos que viven enterrados en,
Alquitrán / Brea,10,26,m.,Sustancia líquida,
Altiplano,10,27,m.,Zona de poco relieve ubicada a gran altitud.,
Ambos /as,11,28,adj.,indef.,
Amén,11,29,interj.,Así sea.,
Anarquía,11,30,f.,Ausencia de poder público.,
Ángel,12,31,m. rel.,Ser espiritual de origen divino.,
Anexar,12,32,v.,Unir o agregar algo a otra,
Ángulo,12,33,,mat.,
Anhídrido,13,34,,quím.,
Anillado,13,35,m.,Cuaderno o papeles sujetados,
Anís,13,36,m.,"Semillas aovadas, verdosas, menudas y",
Aniversario,14,37,m.,Día en que se cumplen años de algún,
Ano,14,38,,biol.,
Anotar / Apuntar,14,39,v.,Escribir una cosa en un papel u,
Antónimo/a,15,40,adj. leng.,Palabra que,
Apéndice,15,41,,biol.,
Aplastar,15,42,v.,"Deformar, presionar o golpear una cosa,",
Aplaudir,16,43,v.,Batir las manos como señal,
Aprovechar,16,44,v.,"Hacer algo útil, obtener el",
Archipiélago,16,45,m.,Conjunto de islas agrupadas en,
Arcilla,17,46,f.,"Mezcla de tierra y agua, sirve para elaborar",
Área,17,47,,mat.,
Arrestar,17,48,v.,Detener a alguien y privarlo de su libertad.,
Arriba,18,49,adv.,Parte superior.,
Arroba,18,50,comp. f.,Símbolo @ El símbolo arroba @ se utiliza en las direcciones,
Arteria,18,51,,biol.,
Artesanía,19,52,f.,Arte u obra de los artesanos,
Articulación,19,53,f.,Unión de dos estructuras,
Articular,19,54,v.,"Trabajar de manera conjunta,",
Artículo,20,55,,Grám..,
Artículo,20,56,,Dcho.,
Artículo,20,57,,ling.,
Artista,21,58,adj.,Persona que practica las bellas artes.,
Artístico,21,59,adj.,Perteneciente a las bellas artes.,
Asaí,21,60,m.,"Fruto de una palmera, de pulpa",
Ascensor,22,61,m.,Aparato para trasladar personas de,
Asco,22,62,m.,Sensación de desagrado o,
Asiento / Banca m,22,63,,Mueble u objeto,
Asistencia,23,64,f.,Estar presente.,
Asombrar,23,65,v.,"Acción de asustar, espantar.",
Áspero,23,66,adj.,Superficie que no es,
Ateo,24,67,adj.,Que niega la existencia de Dios.,
Atmósfera,24,68,f.,Capa gaseosa que rodea,
Aula,24,69,f.,Lugar para enseñar y aprender.,
Ausente / Falta,25,70,adj.,Que no se encuentra presente.,
Autoestima,25,71,f.,Valoración positiva de,
Autoevaluación,25,72,f.,"Valoración personal sobre logro,",
Autor/ra,26,73,m. f.,Persona que ha hecho alguna obra,
Auxilio,26,73,m.,Pedir ayuda.,
Avena,26,74,f.,Alimento.,
Ballena,28,75,f.,Animal mamífero marino.,
Barbijo,28,76,m.,Cubre boca y nariz.,
Batería,28,77,f.,Que almacena energía eléctrica.,
Beneficiar,29,78,v.,Hacer un bien a una persona,
Biblia,29,79,f.,Sagrada escritura.,
Bibliografía,29,80,f.,Listado de libros o direcciones digitales,
Bienvenido/da,30,81,adj.,Recibir con agrado.,
Bienaventurado/da,30,82,adj.,Que goza de Dios.,
Bombo,30,83,m.,Instrumento musical de,
Brillar,31,84,v.,Que refleja luz.,
Brújula,31,85,f.,Instrumento de orientación.,
Bulling,31,86,m.,Acoso escolar.,
Buque de guerra,32,87,m.,Barco militar.,
Burbuja,32,88,f.,Globo de aire.,
Burlar,32,89,v.,Poner en ridículo a alguien o algo.,
Caballito de mar,34,90,m.,Pez marino.,
Calificación,34,91,f.,"Puntuación obtenida de una evaluación,",
Camaleón,34,92,m.,Reptil escamoso.,
Cancha,35,93,f.,Lugar para practicar deportes.,
Canción,35,94,f.,Composición en verso que,
Canela,35,95,f.,Corteza del canelo.,
Cantar,36,96,v.,Producir con la voz sonidos,
Capa de ozono,36,97,,Capa protectora de la tierra.,
Carácter,36,98,m.,Modo en que un individuo,
Carambola,37,99,f.,"Fruto del carambolo, de color amarillo y",
Carátula,37,100,f.,Portada de los cuadernos con principales,
Carta / misiva,37,101,f.,Es un medio de,
Cartabón,38,102,m.,Instrumento de medición,
Castellano/na,38,103,m.,Lengua española.,
Casto,38,104,adj.,Que no ha tenido relación sexual.,
Casta,39,105,adj.,Que no ha tenido relación sexual.,
Castillo,39,106,m.,"Lugar fuerte, cercado de murallas, baluartes,",
Castor/ra,39,107,m.,y f.,
Católico/ca,40,108,rel.,Perteneciente a la iglesia católica.,
Ceja,40,109,f.,"Parte de la cara superior, curva y",
Celos,40,110,m.,Emoción de amenaza de perder,
Célula,41,111,,biol.,
Censo,41,112,m.,Conteo de personas o viviendas de un,
Centena,41,113,,mat.,
Cerebro,42,114,m.,Órgano más importante del sistema nervioso.,
Charango,42,115,m.,Instrumento musical de,
Chirimoya,42,116,f.,Fruto del chirimoyo.,
Circo,43,118,m.,"Espacio donde actúan payasos, acróbatas,",
Ciclo,43,117,m.,Período de tiempo o fase que,
Ciruela,43,119,f.,Fruto del ciruelo.,
Clandestino/na,44,120,adj.,Que se hace de forma oculta,
Clavo,44,121,m.,"Objeto de metal, largo y delgado",
Clavo de olor,44,122,m.,Capullo seco de la flor del claver.,
Codo,45,123,m.,Parte posterior y prominente,
Colador,45,124,m.,Utensilio de cocina usado,
Colonización,45,125,f.,Acción y efecto de dominar un territorio,
Columna vertebral,46,126,f.,Estructura curva compuesta,
Compañero/ra,46,127,m y f.,Persona que comparte en,
Comparar,46,128,v.,Analizar semejanzas y diferencias.,
Compás,47,129,m.,Instrumento para hacer,
Completar,47,130,v.,Dar término o conclusión,
Con,47,131,prep.,"Medio, modo o instrumento",
Conciencia,48,132,f.,Conocimiento que el ser,
Condón femenino,48,133,m.,Bolsita de nitrilo.,
Condón masculino,48,134,,Funda fina y elástica.,
Conectar,49,136,v.,Unir o poner en comunicación,
Conducta,49,135,f.,Manera de comportase en la vida y,
Conferencia,49,137,f.,"Reunión de personas o un conglomerado,",
Conjugación verbal,50,139,,gram.,
Confirmación,50,138,rel. f.,Uno de los siete sacramentos,
Cono,50,140,m.,Sólido limitado por un plano que corta a una,
Consultoría,51,141,f.,Brindar servicio,
Consultor/a,51,142,m.,y f.,
Contaminación,51,143,f.,Introducir un contaminante a un,
Contexto,52,144,m.,"Entorno lingüístico, físico o",
Contraseña,52,145,f.,Seña secreta que permite el acceso,
Coordinar,52,146,v.,Unir dos o más cosas de manera que,
Corchete,53,148,m.,Signo ortográfico doble.,
Copoazú,53,147,m.,Fruto amazónico.,
Correcto/ta,53,149,adj.,Que no tiene error.,
Correr,54,150,v.,Andar rápidamente y con tanto,
Costumbre,54,151,f.,Manera habitual de actuar o comportarse.,
COVID,54,152,,biol.,
Crayón,55,153,m.,Lápiz de cera de diferentes colores.,
Creer,55,154,v.,Considerar una cosa como verdadera o,
Croché,55,155,m.,Tejido La abuela teje una chalina con croché.,
Cromosoma,56,156,,biol.,
Crónica,56,157,leng. f.,Narración histórica en que se,
Cronómetro,56,158,m.,Aparato para medir el tiempo.,
Cruz,57,159,f.,Figura formada por dos líneas que se,
Cuerda,57,160,f.,Material de hilos entrelazados La niña salta la cuerda.,
Cueva,57,161,f.,Caverna Las cuevas de Torotoro son muy hermosas.,
Culto,58,162,rel. m.,Reunión de adoración y,
Cura,58,163,rel. m.,Sacerdote católico.,
De,60,164,prep.,Denota posesión o pertenencia.,
Debajo,60,165,adv.,Posición o lugar inferior de,
Decámetro,60,166,,mat.,
Decena,61,167,,mat.,
Decidir,61,168,v.,Tomar una determinación definitiva sobre,
Decímetro,61,169,,mat.,
Deforestación,62,170,f.,Destruir las plantas o bosques.,
Del,62,171,,gram.,
Deletrear,62,172,v.,Mostrar letra a letra cada,
Delgado/da,63,173,adj.,De poco grosor.,
Democracia,63,174,f.,Sistema político que protege la,
Denominador,63,175,,mat.,
Depender,64,176,v.,Estar subordinado a una,
Descolonización,64,177,f.,Eliminar la condición colonial,
Desde,64,178,prep.,Indica el lugar en que se inicia la acción,
Desde,65,179,prep.,Indica el tiempo en que se,
Desfilar,65,180,v.,Marchar en formación o en orden.,
Desigual,65,181,adj.,Que no es igual.,
Desnutrición,66,182,f.,Enfermedad del cuerpo por no recibir,
Despertar,66,183,v.,Dejar de dormir.,
Diablo / Satanás,66,184,m.,Príncipe de,
Diésel,67,185,m.,Hidrocarburo utilizado como combustible.,
Dignidad,67,186,f.,Cualidad basada en el,
Dinámica,67,187,f.,Método de aprendizaje basado en,
Dinero,68,188,m.,Moneda corriente.,
Dinosaurio,68,189,m.,"Reptil fósil, propio de la era Mesozoico,",
Dios,68,190,m.,Ser supremo.,
Directo/ta,69,191,adj.,Derecho o en línea recta.,
Discapacidad mental o Psíquica,69,192,f.,Trastornos en el,
Discípulo/la,69,193,m.,y f.,
Diversidad,70,194,f.,Diverso o variado.,
Dos puntos,70,195,m.,Signo de puntuación.,
Drama,70,196,,Representación de acciones y,
Droga,71,197,f.,Sustancia que actúa sobre,
Durante,71,198,prep.,Denota simultaneidad.,
Durazno,71,199,m.,Fruto del duraznero.,
Eclipse,73,200,m.,Se produce cuando un planeta o la luna se,
Economía,73,201,f.,Administración eficaz y,
Egoísta,73,202,adj.,Que antepone el interés propio al ajeno.,
El Papa,74,203,m.,Máxima autoridad de la,
Embajador/ra,74,204,m.,y f.,
En,74,205,prep.,len.,
Encima,75,206,adv.,Posición o lugar superior de algo o alguien.,
Entrevista,75,207,f.,Diálogo que cumple un,
Envidia,75,208,f.,Emoción de desear o querer,
Equidad,76,209,f.,Valor de igualdad y justicia.,
Erizo,76,210,m.,Mamífero cubierto de púas.,
Escala,76,211,f.,Relación de proporción entre el tamaño,
Escalera,77,212,f.,Peldaños o escalones que,
Esclavitud,77,214,f.,Situación de esclavo.,
Escarapela,77,213,f.,Símbolo patrio.,
Esclavo/va,78,215,m.,y f.,
Escuadra,78,216,f.,Instrumento en forma de,
Escudo,78,217,m.,"Símbolo distintivo de un país,",
Escultura,79,218,f.,"Arte de modelar el barro,",
Esperanza,79,219,f.,Confianza de algún momento,
Espíritu,79,220,m. rel.,Soplo de vida.,
Espiritualidad,80,221,f.,Es la conexión del Espíritu con,
Estaciones del año,80,222,f.,Cuatro períodos de tiempo en,
Estado,80,223,m.,"País soberano, adopta una",
Estreñimiento,81,224,m.,Dificultad para expulsar,
Estrofa,81,225,f.,Grupo de versos seguidos,
Eterno,81,226,adj.,Que no tiene principio ni fin.,
Ética,82,227,f.,Comportamiento humano en lo,
Eva,82,228,rel. f.,Primera mujer creada por Dios.,
Evolucionar,82,229,v.,Cambio de un estado a otro.,
Examen,83,230,m.,Prueba que se hace a una persona para,
Exigir,83,231,v.,Pedir firmemente algo a lo que,
Exponer,83,232,v.,Presentar y explicar sobre,
Expulsar,84,233,v.,Echar a una persona,
Extrañar,84,234,v.,Echar de menos a alguien,
Fábula,86,235,f.,Es una narración breve en la que los,
Facebook,86,236,comp.,Servicio de redes y,
Falta,86,237,f.,"Que no está concluido, terminado",
Fantasma,87,238,m.,Imagen o espíritu del más allá que,
Fe,87,239,m.,Es creer o tener la seguridad que va llegar o,
Femenino,87,240,leng. adj.,Relativo al género,
Fidelidad,88,241,f.,Lealtad.,
Fiel,88,242,adj.,Que mantiene lealtad.,
Fila,88,243,f.,Serie de personas o cosas,
Finanza,89,244,f.,Intercambio comerciales que se,
Firme,89,245,adj.,"Estable, que no se mueve.",
Flamenco,89,246,m.,Ave con plumaje de color rosado claro.,
Flauta,90,247,f.,Instrumento musical de viento.,
Flexómetro,90,248,m.,Cinta métrica metálica enrollada a,
Flojo/ja,90,249,,Adj.,
Flor de Patujú,91,250,f.,Es originaria de la,
Forma,91,251,f.,Configuración externa de algo.,
Fórmula,91,252,f.,Modelo establecido para resolver un asunto,
Fórmulario,92,253,m.,"Documento, físico o digital,",
Foro,92,254,m.,Reunión de personas,
Fortaleza,92,255,f.,"Virtud que permite al individuo enfrentar, soportar",
Fósil,93,256,m.,Organismo petrificado perteneciente a otras,
Fracción,93,257,,mat.,
Fracciones homogéneas,93,258,,mat.,
Frutilla,94,259,f.,"Fruto comestible de la planta Fragaria,",
Fuego,94,260,m.,Fenómeno caracterizado por la,
Fusionar,94,261,v.,"Reducir dos o más ideas, cosas o",
Galaxia,96,262,f.,"Grupo de estrellas, planetas",
Gas natural,96,263,m.,Llamado también Gas Licuado de Petróleo,
Gas domiciliario,96,264,m.,Distribución de gas natural,
Gasolina,96,265,f.,Combustible que se usa en,
Género,96,266,m.,Conjunto de diferentes características,
Gestionar,96,267,v.,"Trámite de un asunto administrativo, negocio",
Gesto,98,268,m.,Comunicación no verbal que,
Golpe de Estado,98,269,,Es la toma y destitución ilegal del,
Goma EVA,98,270,,Material hecho a partir de un tipo de,
Google,98,271,comp.,Compañía estadounidense especializada,
Google meet,98,272,comp.,Es un servicio de reuniones virtuales.,
Granada,98,273,f.,Fruto del granado.,
Grapadora,100,274,f.,"Cosa que sirve para unir hojas, cartón u",
Gravedad,100,275,f.,Fuerza que atrae a los cuerpos al centro,
Grueso,100,276,adj.,Que tiene mucho volumen,
Guapurú,100,277,m.,Fruta nativa de Santa Cruz.,
Guayaba,100,278,f.,Fruto del guayabo.,
Guepardo,100,279,m.,Mamífero carnívoro.,
Guitarra,102,280,f.,Instrumento musical de cuerda.,
Hamaca,104,281,f.,Lona o red alargada colgada por,
Harina,104,282,f.,Polvo que se obtiene de moler,
Hectómetro,104,283,,mat.,
Herencia,104,284,f.,Derecho a heredar.,
Hidrocarburo,104,285,m.,Compuesto que se obtiene de la,
Hígado,104,286,m.,"Órgano que segrega la bilis,",
Higiene personal,106,287,f.,Es el cuidado y limpieza del cuerpo.,
Higo,106,288,m.,Fruto de la higuera.,
Hilo,106,289,m.,Hebra larga y delgada de una,
Himno,106,290,m.,Canto o un texto lírico que,
Hombro,106,292,m.,Es la parte del cuerpo donde,
Historieta,106,291,f.,Serie de dibujos que narran un relato.,
Horizontal,108,295,adj.,Perteneciente o relativo,
Homenaje,108,293,m.,Acto o diferentes actos que se celebran,
Horario,108,294,m.,Cuadro que indica las horas y las,
Huevo,108,296,m.,"Cuerpo redondeado, de",
Identidad,110,297,f.,Conjunto de rasgos de una,
Identificar,110,298,v.,Reconocer si una persona,
Igual,110,299,adj.,Que tiene las mismas,
Imagen,112,300,f.,"Figura, representación,",
Impar,112,301,adj.,Que no tiene par.,
Implante anticonceptivo,112,302,m.,Método anticonceptivo a,
Importante,112,303,adj.,Que importa.,
Impresora,112,304,f.,Máquina que conectada a una,
Imprimir,112,305,v.,"Marcar texto escrito, dibujo o figura",
Índice,114,306,m.,"Lista ordenada de capítulos,",
Índirecto/ta,114,307,adj.,Que no va rectamente,
Infierno,114,308,m.,Para algunas religiones es el lugar,
Ingrediente,114,309,m.,Cosa que entra con otras en un,
Inca,114,310,m.,Líder del imperio incaico.,
Inocente,114,311,adj.,Libre de culpa.,
Institución,116,312,f.,Organización establecida o fundada,
Instituto,116,313,m.,Es una institución de,
Inteligente,116,314,adj.,Dotado de inteligencia.,
Intestino,116,315,m.,Tubo digestivo que se,
Invierno,116,316,m.,Época más fría del año.,
Invitación,116,317,f.,Acción y efecto de invitar o ser invitado.,
Invitar,118,318,v.,Citar a alguien para un acto,
Isla,118,319,f.,Porción de tierra rodeada de agua por todas partes.,
Jaguar,120,320,m.,Felino carnívoro más grande de América.,
Flor de Jamaica,120,321,f.,Flor rojiza se usa para preparar,
Jesús,120,322,rel. m.,Hijo de Dios.,
José de Nazaret,120,323,rel. m.,Esposo de María quien,
Kantuta,122,324,m.,Flor tricolor considerada como símbolo,
Kiwi,122,325,m.,Fruta con piel delgada de color verde pardo,
Ladrón/a,124,326,m.,Persona que roba.,
Latinoamérica,124,327,f.,Grupo de países del,
Lava,124,328,f.,Materia derretida o en fusión que sale de un,
Lenteja,126,329,f.,"Legumbre con muchas proteínas, vitaminas",
Letra,126,330,leng.,Signo gráfico del alfabeto.,
Letra cursiva,126,331,leng.,Llamada letra carta.,
Letra imprenta,126,332,leng.,Letra que no está unida a la otra.,
Letra mayúscula,126,333,leng.,Letra de mayor tamaño.,
Letra minúscula,126,334,leng.,Letra de menor tamaño.,
Leyenda,128,335,f.,len.,
Libreta de calificaciones,128,336,f.,Documento que informa el,
Licencia,128,337,f.,Permiso para hacer algo.,
Licencia de conducir,128,338,f.,Permiso para,
Líder,128,339,m.,"Jefe, dirigente o guía de un grupo.",
Línea,128,340,f.,Trazo de puntos continuos.,
Línea horizontal,130,341,f.,Línea que va de izquierda,
Línea oblicua,130,342,f.,Que no tiene dirección,
Línea ondulada,130,343,f.,Formada por varías líneas,
Línea quebrada,130,344,f.,Unión de segmentos de,
Línea vertical,130,345,f.,Línea que va de arriba,
Lineamiento,130,346,m.,"Conjunto de orientaciones,",
Linguística,132,347,f.,Ciencia que estudia las lenguas.,
Llaves,132,348,f.,Signo ortográfico en forma de arco.,
Lógico/ca,132,349,adj.,"Que es razonable, en",
Madera,134,350,f.,Parte sólida de los árboles.,
Madurez,134,351,f.,"Alcanzar el pleno desarrollo, o actuar",
Maicena,134,352,f.,Harina fina de maíz.,
Majo,134,353,m.,Fruto amazónico de una palmera.,
Maltratar,134,354,v.,Tratar mal con palabras o daño,
Mandamiento,134,355,rel. m.,Orden superior.,
Manzanilla,136,357,f.,Planta medicinal de flores blancas con,
Maracuyá,136,358,m.,Fruta comestible de una planta trepadora.,
Manguera,136,356,f.,Tubo flexible que se usa para trasladar,
Maravilloso/sa,136,359,adj.,Que es bueno y admirable.,
Martillo,136,360,m.,Herramienta que se usa,
Masculino,136,361,,gram.,
Mouse,138,362,comp.,Su traducción en castellano,
Mayor que,138,363,,mat.,
Medio Ambiente,138,364,m.,Espacio natural en el que se,
Membrillo,138,365,m.,Fruto del membrillero.,
Menor que,138,366,,mat.,
Menstrución,138,367,,biol.,
Meteorito,140,368,m.,Pedazo de un cuerpo celeste que cae,
Microscopio,140,369,,quím.,
Microsof Excel,140,370,comp.,Programa para crear hojas de,
Microsof Power Point,140,371,comp.,Programa para crear,
Microsof Word,140,372,comp.,Programa para,
Milímetro,140,373,,mat.,
Militar,142,374,m.,Persona que pertenece a las fuerzas armadas.,
Minería,142,376,m.,Trabajo que se realiza en las minas.,
Mimar,142,375,v.,Consentir exageradamente a,
Misa,142,378,rel. f.,Celebración religiosa de la iglesia católica.,
Misericordia,142,379,rel. m.,Compasión que impulsa a ayudar,
Minero,142,377,m.,Persona que trabaja en la mina.,
Modelo,144,382,m.,Aquello que se imita.2 La maestra Sorda es modelo lingüístico de los,
Mito,144,381,leng. m.,Narración maravillosa protagonizada,
Mismo/ma,144,380,adj.,Idéntico o exactamente,
Moneda boliviana,144,384,f.,El boliviano es la moneda de,
Monja,144,385,rel. f.,Mujer religiosa y consagrada.,
Moisés,144,383,rel. m.,Profeta elegido de Dios para liberar,
Mostrar,146,387,v.,Exponer algo para que lo vean.,
Monstruo,146,388,m.,Ser fantástico que asusta.,
Mora,146,386,f.,Fruto del moral.,
Mundo,146,390,m.,Planeta donde viven los,
Muñeca/co,146,391,m.,y f.,
Movimiento,146,389,m.,Cuerpo que va de un lado a,
Museo,148,393,m.,Lugar donde se guardan y exponen objetos.,
Músculo,148,392,m.,Órgano compuesto por fibras.,
Nada,150,394,pron.,Ninguna cosa o cantidad.,
Nadie,150,395,pron.,Ninguna persona.,
Narrar,150,396,v.,"Contar un hecho, suceso o historia.",
Negocio / Comercio,150,397,m.,Cualquier,
Neurona,150,398,f.,Célula nerviosa.,
Ni,150,399,conj. leng.,Que denota negación.,
Noé,152,400,rel.,Hombre del Antiguo Testamento,
Norma,152,401,f.,Regla que se debe seguir u,
Núcleo,152,402,m.,"Parte central de un lugar, objeto",
Núcleo,152,403,m.,"Parte central de la célula, astro,",
Numerador,152,404,,mat.,
Oasis,154,405,m.,Lugar con vegetación y a veces con,
Obesidad,154,406,f.,Aumento de grasa en el cuerpo superior a lo,
Observar,154,407,v.,Mirar con atención y analizarlo.,
Oral,156,408,leng. adj.,Que se expresa con la boca.,
Orar / Rezar,156,409,rel. v.,Hablar con Dios,
Órgano Ejecutivo,156,410,m.,Responsable de liderar y dirigir,
Órgano Electoral,156,411,m.,Responsable de garantizar,
Órgano Judicial,156,412,m.,Encargado de impartir justicia,
Órgano Legislativo,156,413,m.,Responsable de la elaboración,
Orinar,158,414,v.,Expulsar la orina.,
Oro,158,415,m.,Metal de color amarillo brillante.,
Ortografía,158,416,leng. m.,Norma de una lengua que enseña a,
Óxido,158,419,,quím.,
Oso hormiguero,158,417,m.,Mamífero que se alimenta de,
Otoño,158,418,m.,Época entre el verano y el invierno.,
Oxígeno,160,420,m.,Elemento necesario para la respiración.,
Pacay,162,421,m.,Fruto comestible.,
Paciencia,162,422,m.,Capacidad de soportar algo,
Palabras agudas,162,423,leng. m.,Son aquellas que llevan el,
Palabras esdrújulas,162,424,leng. m.,Son aquellas que llevan el,
Palabras graves,162,425,leng. m.,Son las que llevan el acento en,
Palabras sobre esdrújulas,162,426,leng. m.,Son palabras que,
Pandereta,164,427,,mús.,
Pantera,164,428,f.,Mamífero carnicero es una variedad del,
Papaya,164,429,m.,Fruto del papayo.,
Papel crepé,164,430,,tecnol.,
Par,164,431,,mat.,
Para,164,432,prep.,Indica el fin u objeto de una,
Parar,166,433,v.,Detener una acción.,
Paréntesis,166,434,m.,Signo ortográfico.,
Parónimo,166,435,adj.,Palabra parecida por su,
Parte,166,437,f.,Pedazo de un todo.,
Pascua,166,438,rel. f.,Celebración de la resurrección,
Parráfo,166,436,m.,Parte de un texto que inicia,
Pecado,168,439,rel. m.,"Acción,",
Pecador/a,168,440,rel. adj.,Persona que peca.,
Pecar,168,441,rel. v.,Cometer un pecado Pecar significa desobediencia.,
Pedo,168,442,m.,Expulsión de gases por el ano.,
Peligroso,168,443,adj.,Que tiene riesgo o puede,
Pentagrama,168,444,,mús.,
Pera,170,445,f.,Fruto del peral.,
Perdonar,170,446,rel. v.,Disculpar a alguien dejando atrás el,
Perfil,170,447,m.,Conjunto de rasgos propios que,
Perforador de papel,170,448,,tecnol.,
Pero,170,449,conj.,Contrapone un concepto a otro,
Persona blanco/ca,170,450,adj.,Se usa para,
Persona moreno/na,172,451,adj.,Se usa para,
Pestaña,172,452,f.,Cada uno de los pelos que hay en los bordes,
Petróleo,172,453,m.,"mezcla de compuestos orgánicos,",
Pillar,172,454,v.,"Coger, agarrar o aprehender a alguien o algo.",
Pincel,172,455,m.,"Instrumento, usado principalmente para pintar.",
Pintura,172,456,f.,Color preparado para pintar.,
Piscina,174,457,f.,Lugar que contiene gran cantidad de agua,
Pistola de silicona,174,458,,tecnol.,
Planeta,174,459,m.,Cuerpo celeste que gira,
Planta,174,460,f.,Vegetal que sembrada y nacida,
Plastilina,174,461,f.,tecnol.,
Plastoformo,174,462,m.,tecnol.,
Plata,176,463,f.,"Metal brillante, resistente, dúctil y maleable.",
Plural,176,464,leng.,Forma gramatical que indica,
Plurinacional,176,465,adj.,Varias naciones unidas en un solo,
Poema,176,466,leng. m.,Obra poética normalmente,
Pomelo,176,467,m.,Fruto del pomelero.,
Porque,176,468,conj. leng.,Por causa o razón de que.,
Practicante / Pasante,178,469,m.,y f.,
Predicado,178,470,,len.,
Presentar,178,471,v.,Dar a conocer al público a,
Primavera,178,472,f.,Época después del invierno.,
Primera comunión,178,473,rel.,Celebración donde el niño y,
Problema,178,474,m.,Situación que se trata de,
Producción de textos,180,475,leng.,Es un proceso cognitivo,
Pueblo,180,476,m.,"Conjunto de personas de un lugar,",
Puma,180,477,m.,Felino de color rojizo o café,
Punto,180,478,m.,"Figura que no tiene longitud,",
Punto y coma,180,479,m.,Signo ortográfico de,
Puntos suspensivos,180,480,m.,Signo ortográfico,
Quena,182,481,f.,Instrumento de viento parecido a la flauta.,
Quinua,182,482,f.,Semilla de la quinoa.,
Radical,184,483,m.,"Signo matemático, se",
Raíz,184,484,f.,Órgano de la planta por el que,
Rama,184,485,f.,Parte que nace en el tronco del árbol y del ella,
Rastrillo,186,486,m.,Instrumento que sirve para,
Razón,186,487,f.,Facultad de la mente humana,
Razonar,186,488,v.,Producir y ordenar las ideas,
Receta,186,489,f.,Explicación ordenada para la preparación,
Reconocer,186,490,v.,Distinguir o identificar a una,
Recreo,186,491,m.,"Espacio para descansar,",
Reflexionar,188,492,v.,Pensar atenta y,
Reina,188,493,f.,Monarca soberana de un reino.,
Resolución,188,494,f.,"Decisión, acuerdo, instrucción, documento",
Responder,188,495,v.,Contestar una pregunta de,
Resumir,188,496,v.,Reducir o acortar la extensión de un texto.,
Rey,188,497,m.,Monarca soberano de un reino.,
Ritmo,190,498,m.,Movimiento controlado o,
Robar,190,499,v.,Quitar o tomar para sí con violencia o con,
Robot,190,500,m.,Objeto virtual o mecánica,
Robótica,190,501,f.,Rama de la ingeniería que se ocupa del,
Rodilla,190,502,f.,Lugar donde se une el muslo con,
Roncar,190,503,v.,Hacer ruido desagradable cuando,
Rotación,pdf 212,504,f.,Movimientos de la Tierra que,
Sacerdote,194,505,rel. m.,Persona nombrada para,
Salvación,194,506,rel. f.,Protección del alma del pecado y sus,
Salvar,194,507,v.,Librar de un peligro o situación,
Santo,194,508,rel. m.,Perfecto y sin mancha.,
Sembrar,194,509,v.,Derramar semillas en la tierra.,
Semilla,194,510,f.,"Grano de diferentes formas, al caer o ser",
Sentimientos,196,511,m.,Estado de ánimo o emoción.,
Ser,196,512,v.,Para afirmar del sujeto lo que,
Servilleta,196,513,f.,Pieza de tela o papel que usa para limpiarse,
Si,196,514,conj.,Muestra condición o suposición.,
Símbolo,196,516,m.,"Que representa una idea,",
Siglo,196,515,m.,Cien años.,
Sin,198,517,prep.,Indica que falta algo.,
Síndrome de Down,198,518,m.,Alteración genética en el,
Singular,198,519,leng.,Un solo elemento.,
Sinini,198,520,m.,Fruta tropical.,
Sinónimo,198,521,leng.,Palabra que significa igual,
Sistema circulatorio,198,522,,biol.,
Sistema digestivo,200,523,m.,Responsable de transportar y,
Sistema nervioso,200,524,m.,Conjunto de células especializadas,
Sistema respiratorio,200,525,m.,Es el responsable de recibir el,
Situación,200,527,f.,Asunto problemático o difícil,
Sistema solar,200,526,m.,Es un conjunto de,
Soldado,200,528,m.,Persona que sirve a la milicia.,
Solidaridad,202,529,f.,"Es la unión, ayuda y/o colaboración",
Solucionar,202,530,v.,"Hacer que un problema, duda o dificultad",
Suave,202,531,adj.,Liso y blando al tocar.,
Sueño y soñar,202,532,v.,Desear persistemente algo.,
Sujeto,202,533,m.,"Persona, animal u objeto que",
Sultana,202,534,m.,Bebida hecha con cáscara de café.,
T de cobre,204,535,,biol.,
Tajador,204,537,m.,Saca puntas.,
Táctil,204,536,adj.,Que funciona a través del tacto.,
Taller,206,539,m.,Lugar destinado para capacitarse,
Taller,206,540,m.,Lugar donde se trabaja una obra,
Taladro,206,538,m.,Instrumento que se usa para,
Tambor,206,543,m.,Es un instrumento musical de,
Tallo,206,541,m.,Parte del árbol.,
Tamarindo,206,542,m.,Fruto El tamarindo es una fruta ácida.,
Tanque de guerra,208,544,m.,Carro de combate.,
Tapir / Anta,208,545,m.,Animal amazónico.,
Tarka,208,546,f.,Instrumento musical de viento.,
Técnica/co,208,548,,Conjunto de reglas o,
Teatro,208,547,m.,Representar una o varias,
Tecnología,208,549,f.,Producto o solución que se crea para,
Tela,210,550,f.,Material textil Esa tela es suave.,
Tema / Contenido m,210,551,,Asunto La maestra enseña un nuevo tema.,
Temor,210,552,,Rel.,
Tenis,210,554,m.,Zapato deportivo Los tenis son nuevos.,
Tentación,210,555,f.,"Deseo de hacer algo,",
Témpera,210,553,f.,Pintura Los niños pintan con témpera.,
Teoría,212,556,f.,"Conjunto de conocimientos,",
Testimonio,212,558,m.,"Prueba, justificación y",
Testigo,212,557,m.,y f.,
Textura,212,560,f.,"Sensación de suavidad, dureza, asperidad y",
Texto,212,559,m.,Documento escrito Hay diferentes tipos de textos.,
Tinglado,212,561,m.,Techo abierto.,
Título,214,562,m.,Nombre o asunto de una obra o escrito.,
Título,214,563,m.,Documento jurídico que otorga derecho o,
Toalla Higiénica,214,564,f.,De uso menstrual La toalla higiénica es cómoda.,
Tomar,214,566,v.,Beber líquido.,
Toronja / pomelo f,214,567,,Fruta cítrica La toronja tiene vitaminas.,
Tolerancia,214,565,f.,"Resistir, respetar, paciencia",
Tradición,216,568,f.,Conjunto de prácticas que se transmiten de,
Trámite,216,569,m.,Pasos y documentos para,
Transportador,216,570,m.,Instrumento que mide,
Tratamiento,216,572,m.,Procedimiento para,
Tratar,216,573,v.,Intentar La niña trata de no manchar su dibujo.,
Traslación,216,571,f.,Movimiento de la tierra,
Trigo,218,574,m.,Planta con espigas compuesta,
Tumbo,218,576,m.,Fruto comestible.,
Tucán,218,575,m.,"Ave con el pico grueso, arqueado y largo.",
Tuna,218,577,f.,Fruto comestible con muchas espinas.,
Unidad,220,579,f.,Valor que se usa para contar.,
Unión,220,580,f.,Acción y efecto de unirse.,
Ubicación GPS,220,578,,Sistema de ubicación por,
Uniforme,pdf 242,581,m.,Ropa distintiva de una,
Universo,pdf 242,582,m.,Conjunto de todo lo que existe.,
Uña,pdf 242,583,f.,Parte del cuerpo que crece en la,
Valor,224,585,rel.,Norma o principio que guía,
Vecino/na,224,586,m. f.,Que vive cerca de otro.,
Valorar,224,584,v.,"Reconocer, estimar o apreciar el",
Velocidad,224,587,f.,Cambio de posición de un objeto con,
Vena,224,588,f.,Cada uno de los vasos o conductos,
Ventilador,224,589,m.,Aparato con aspas giratorias,
Verano,226,590,m.,Estación del año calurosa.,
Versículo,226,591,m.,Breves divisiones que tienes,
Vertical,226,592,adj.,Perpendicular a lo horizontal.,
Vibrar,226,594,v.,Movimiento oscilatorio de un cuerpo.,
Vesícula,226,593,f.,Órgano en forma de saco,
Videollamada,226,595,f.,Comunicación que puede verse y,
Violación,228,596,f.,Forzar a una persona,
Violín,228,598,m.,Instrumento musical de cuerda.,
Violencia,228,597,f.,"Es el uso la fuerza para conseguir un fin, ya",
Virgen,228,599,f.,Mujeres santas.,
Virgen María,228,600,rel.,Madre de Jesús.,
Virtual,228,601,adj.,Espacio en línea generalmente por internet.,
Vitamina,230,602,f.,Sustancias necesarias para el buen,
Viva Bolivia,230,603,,Expresión ¡Viva Bolivia!,
Vocación,230,604,f.,Compromiso una profesión o una carrera.,
Vocales,230,605,f.,Cinco letras.,
WhatsApp,232,606,comp.,Es una aplicación de,
WiFi,232,608,comp.,Sirve para conectar,
Wiphala,232,607,f.,"Bandera cuadrangular de siete colores,",
Y,234,609,conj.,gram.,
Zoom,236,611,comp.,Plataforma para conectarse,
Zampoña,236,610,f.,Instrumento musical de viento.,
